Date,ID,Tweets,Party
Mon Nov 05 21:57:19 +0000 2018,TheTrumpParty,RT @CheleFarley: Our hardworking Team Chele¬†volunteers were racing around #nycmarathon routes yesterday helping us #GOTV2018 ahead of Tuesd‚Ä¶,rep
Mon Nov 05 21:55:58 +0000 2018,tim45Prez,"RT @olney_dan: @realDonaldTrump 
VOTE for @marcmolinaro to replace Cuomo.
VOTE for @CheleFarley to replace Gillibrand
NYS  TAXPAYERS deserv‚Ä¶",rep
Mon Nov 05 21:54:52 +0000 2018,mchicon,The most important message is that ALL NY State Republicans are to vote straight down for @marcmolinaro‚Ä¶ https://t.co/rFyEZSD2x7,rep
Mon Nov 05 21:54:23 +0000 2018,americawins49,RT @Genesis33K: The man who brought NYC back to life &amp; who led us through the 9/11 terrorists attacks is asking us to vote for @CheleFarley‚Ä¶,rep
Mon Nov 05 21:54:08 +0000 2018,megdogwuff,"RT @RoseDC11: My Fellow NY'ers this goes out to you!!! üá∫üá∏‚ö°Ô∏èüá∫üá∏‚ö°Ô∏èTUESDAY NOV 6th, VOTE FOR CHELE FARLEY FOR THE NY SENATE SEAT!!!! ‚ö°Ô∏èüá∫üá∏‚ö°Ô∏èüá∫üá∏ #‚Ä¶",rep
Mon Nov 05 21:53:40 +0000 2018,VirginiaMAGAKAG,RT @CheleFarley: There's still time to chip in to Team Chele's Get Out the Vote drive! Please donate to #PutNYFirst.¬†https://t.co/C9PpyigbH‚Ä¶,rep
Mon Nov 05 21:51:06 +0000 2018,JoeRice413,Hey #NewYork! We can do better than having a Governor &amp; a Senator that are too busy posturing for future‚Ä¶ https://t.co/blaBwNukP1,rep
Mon Nov 05 21:49:51 +0000 2018,NYTrumpanzee,@olney_dan @Mashbird315 @marcmolinaro @CheleFarley It's literally impossible for Marc Molinaro to get enough votes‚Ä¶ https://t.co/0LC64LrCKp,rep
Mon Nov 05 21:48:00 +0000 2018,R98250729,RT @CheleFarley: .@mgoodwin_nypost's ‚Äú$leazy does it for Gilly‚Äù after @SenGillibrand got tripped up lying about her 2020 run. Not only did‚Ä¶,rep
Mon Nov 05 21:47:23 +0000 2018,wallyBeaver771,"THe Corporate CEO's receive more raises than union members. AFL-CIO plans to replace union employees with foreign,‚Ä¶ https://t.co/UPPvuWenxz",ind
Mon Nov 05 21:42:17 +0000 2018,tomreny,RT @CheleFarley: Why should NY tax dollars bankroll projects in other states when #I81 replacement in #Syracuse &amp; other mandatory repairs n‚Ä¶,rep
Mon Nov 05 21:41:58 +0000 2018,Hagenson_Zach,"RT @KingsCountyGOP: Go out and vote for
@marcmolinaro
@CheleFarley 
@Wofford4AG
@jtrichter
@LutchiGayot
@NaomiLevinNY
@RepDanDonovan
@NMall‚Ä¶",rep
Mon Nov 05 21:36:57 +0000 2018,Caves45,@sidrosenberg @marcmolinaro @CheleFarley @Marty4Senate @Benno4Congress @RepPeteKing @dandonovan_ny @BobHugin‚Ä¶ https://t.co/BFbqBdWFJJ,rep
Mon Nov 05 21:35:51 +0000 2018,dumspirospero64,RT @CheleFarley: VOTE TOMORROW: Remember to vote for the ONLY candidate who will #PutNYFirst!¬†Vote Farley for US Senate. #GOTV2018 #Farley4‚Ä¶,rep
Mon Nov 05 21:30:09 +0000 2018,Blackdi51264299,RT @CheleFarley: Team Chele met our littlest campaign volunteer recently while talking to subway riders about my plan to fix the transit cr‚Ä¶,rep
Mon Nov 05 21:28:52 +0000 2018,gsouthbay2688,"RT @mtbackpackrk: üá∫üá∏Chele is our only choice for U. S. Senator, she is not a politician &amp; has committed to working very hard for us New Yor‚Ä¶",rep
Mon Nov 05 21:25:31 +0000 2018,Rlasagna27,RT @bernieandsid: Vote for her please-Please do NOT let Gillibrand win! https://t.co/2Hq9UxMGyp,rep
Mon Nov 05 21:24:52 +0000 2018,jmrice,@lilbulli1031 @marcmolinaro @mandymendez90 @Airbornex82nd @Truthseeker126 @Trump454545 @mtbackpackrk And‚Ä¶ https://t.co/y9c0InnJPN,rep
Mon Nov 05 21:19:05 +0000 2018,Nflynn72,@agounardes @MaxRose4NY @JustinBrannan @NYGovCuomo @SenGillibrand @TishJames @FrontusforNY ALL support‚Ä¶ https://t.co/KBkeLawywe,ind
Mon Nov 05 21:17:54 +0000 2018,olney_dan,"@Mashbird315 @marcmolinaro Bless you. 
VOTE for @marcmolinaro to replace Cuomo
VOTE for @CheleFarley to replace Gillibrand",rep
Mon Nov 05 21:16:51 +0000 2018,vitalirozynko,@KMCRadio @bobforgovernor @marcmolinaro @CheleFarley @peter_king @RepLeeZeldin @NaomiLevinNY @RepJohnFaso @BobHugin‚Ä¶ https://t.co/6PscY3N8zq,rep
Mon Nov 05 21:14:13 +0000 2018,Realjewishdepl1,We NEED #REALTRUMPSUPPORTERS @KEVINCRAMER @LOUFORSENATE @JIMRENACCI @DIEHLFORSENATE @MICKRICH4SENATE @SUSAN4SENATE @CHELEFARLEY @DEANHELLER,rep
Mon Nov 05 21:12:51 +0000 2018,KMCRadio,@JimThompson24 @bobforgovernor @marcmolinaro @CheleFarley @peter_king @RepLeeZeldin @NaomiLevinNY @RepJohnFaso‚Ä¶ https://t.co/G29OAsueAM,rep
Mon Nov 05 21:01:53 +0000 2018,theashcenter,"Don‚Äôt forget to vote üá∫üá∏
Dynamic Duo, CEO of @theashcenter, Tash.Q &amp; Dr.Keith - Director of Hair Rejuvenation showin‚Ä¶ https://t.co/LkuUUeMisx",ind
Mon Nov 05 21:00:42 +0000 2018,M_Thompson03,Tomorrow is the day that I cast my vote for @marcmolinaro &amp; @CheleFarley. I hope many other NYrs wake up and vote o‚Ä¶ https://t.co/BQq1kEIVta,rep
Mon Nov 05 20:54:34 +0000 2018,heehawtown,@KMCRadio @bobforgovernor @marcmolinaro @CheleFarley @peter_king @RepLeeZeldin @NaomiLevinNY @RepJohnFaso @BobHugin‚Ä¶ https://t.co/xGIKl0IK1a,rep
Mon Nov 05 20:48:47 +0000 2018,FenucciMiles,@KingsCountyGOP @JFNYC1 @marcmolinaro @CheleFarley @Wofford4AG @jtrichter @LutchiGayot @NaomiLevinNY @RepDanDonovan‚Ä¶ https://t.co/L6vW5EgBsK,rep
Mon Nov 05 20:47:02 +0000 2018,ss_maryanne,@sidrosenberg @marcmolinaro @CheleFarley @Marty4Senate @Benno4Congress @RepPeteKing @dandonovan_ny @BobHugin‚Ä¶ https://t.co/Cf30ZQOg0s,rep
Mon Nov 05 20:46:07 +0000 2018,LastNameFree,"RT @mtbackpackrk: üá∫üá∏Chele is our only choice for üá∫üá∏U.S. N.Y. Senator, she is not a politician &amp; has committed to working very hard for us N‚Ä¶",rep
Mon Nov 05 20:45:12 +0000 2018,HedgeFundLarry,@sidrosenberg @marcmolinaro @CheleFarley @Marty4Senate @Benno4Congress @RepPeteKing @dandonovan_ny @BobHugin‚Ä¶ https://t.co/bhEdtPQpKp,rep
Mon Nov 05 20:44:37 +0000 2018,NelsonGafanha,@sidrosenberg @marcmolinaro @CheleFarley @Marty4Senate @Benno4Congress @RepPeteKing @dandonovan_ny @BobHugin‚Ä¶ https://t.co/QqmSnFMKTJ,rep
Mon Nov 05 20:44:10 +0000 2018,sidrosenberg,"And while you‚Äôre at it please vote tomorrow for @marcmolinaro @CheleFarley @Marty4Senate
@Benno4Congress‚Ä¶ https://t.co/87qx5Gek4P",rep
Mon Nov 05 20:13:46 +0000 2018,eREM1600,"@CheleFarley After the Democrats' Kavanaugh Hoax, and with the economy roaring, why would anyone vote for Gillibran‚Ä¶ https://t.co/ytw2KsmJJP",rep
Mon Nov 05 20:09:39 +0000 2018,CheleFarley,Our hardworking Team Chele¬†volunteers were racing around #nycmarathon routes yesterday helping us #GOTV2018 ahead o‚Ä¶ https://t.co/gZNmd459EF,rep
Mon Nov 05 20:04:11 +0000 2018,louchie67,"RT @mtbackpackrk: üá∫üá∏Chele üíØ is our only choice for U. S. Senator, she is not a politician &amp; has committed to working very hard for us New Y‚Ä¶",rep
Mon Nov 05 20:03:28 +0000 2018,LContino2,@mchicon @Wofford4AG @marcmolinaro @CheleFarley @jtrichter It's NYC that will hurt us. The whole state is built in‚Ä¶ https://t.co/kVEamJMLZw,rep
Mon Nov 05 20:03:02 +0000 2018,GKunz28,"@CheleFarley Chele, As a SW Florida resident,  I‚Äôve followed your campaign fairly close and even sent a small donat‚Ä¶ https://t.co/hcueDTsQgH",rep
Mon Nov 05 19:55:53 +0000 2018,Calabro,.@chelefarley I'm asking 2018 candidates like you to pledge to support #MedicareforAll. Health care must be recogni‚Ä¶ https://t.co/e51NiDCPcO,rep
Mon Nov 05 19:54:43 +0000 2018,KingsCountyGOP,"Go out and vote for
@marcmolinaro
@CheleFarley 
@Wofford4AG
@jtrichter
@LutchiGayot
@NaomiLevinNY
@RepDanDonovan‚Ä¶ https://t.co/YYptHiAtCH",rep
Mon Nov 05 19:50:48 +0000 2018,TimothyBair,@CheleFarley Thomas Jefferson said it best New York....your turn to send the corrupt packing tomorrow‚ÄºÔ∏è https://t.co/zHYCpvABVp,rep
Mon Nov 05 19:38:44 +0000 2018,Ellcee16,@CheleFarley Hoping you win!!!,rep
Mon Nov 05 19:24:47 +0000 2018,KenKlineSr33,"@marcmolinaro @CheleFarley My family has committed to vote tomorrow, you have all our votes!! Voting Republican! Ti‚Ä¶ https://t.co/NTMyARJ8ji",rep
Mon Nov 05 19:20:38 +0000 2018,CorinnePulitzer,"Time for a change in representation #NEWYORk, #KirstenGillibrand is sitting on a $10 MILLION war chest, but she‚Äôs n‚Ä¶ https://t.co/jSvQddq5OM",rep
Mon Nov 05 19:19:15 +0000 2018,jid722,#Getridofgillenbrand #REDWAVE https://t.co/KsOftAipnc,rep
Mon Nov 05 19:10:45 +0000 2018,BornaZorna,"@AndrewGillum Do Not For Hoax Fraud Gillum Again,If You Do Then Do Not COmeback Complaining 
Gillum Is Empty Balloo‚Ä¶ https://t.co/ypUZULhtyO",rep
Mon Nov 05 19:05:49 +0000 2018,purezionist,"I #VOTEISRAEL. Vote for @CheleFarley @JohnFasoNy with your votes, we are saying #NEVERAGAIN Is NOW. #RealWomenVote‚Ä¶ https://t.co/yQ1KAIKoGn",rep
Mon Nov 05 19:05:47 +0000 2018,PeterMerson,"@CheleFarley You paid homage to #Israel , so you still have a chance to win in NY üòÄ",rep
Mon Nov 05 18:57:53 +0000 2018,AlChips40404,@frankmorano @CheleFarley Never ever going to happen with fed taxes.,rep
Mon Nov 05 18:56:38 +0000 2018,NTalansky,"@SenGillibrand That's why I'm voting for @CheleFarley. 
Democrats do nothing but obstruct and #Resist. That's why I‚Ä¶ https://t.co/mimx8EL4CA",rep
Mon Nov 05 18:49:36 +0000 2018,ValerieCos4,@CheleFarley @SenGillibrand She didn't show up for the debate just like she hasn't shown up for New  Yorkers! What‚Ä¶ https://t.co/hbCwtJirIK,rep
Mon Nov 05 18:35:30 +0000 2018,TwittThis78,RT @MIKENY78: @Rileysmomma18 @UniteVoteRed @valshep @marcmolinaro @CheleFarley @LarrySharpe We complain all the time about Rhino Republican‚Ä¶,rep
Mon Nov 05 18:26:54 +0000 2018,SandraMacGowan1,@rprez2012 @marcmolinaro @CheleFarley @Wofford4AG @jtrichter Republican GOV candidatetold us to vote for Dem Comptr‚Ä¶ https://t.co/S9nN6xW4Tg,rep
Mon Nov 05 18:26:20 +0000 2018,D1aneMontana,"RT @Lyn1350: @jeankat10 @dbongino Same here in NY. I vote for any Republican or Conservative there is on the ballot, but these days my vote‚Ä¶",rep
Mon Nov 05 18:23:15 +0000 2018,VinceD11566,@SenSchumer @AutismSociety Vote @CheleFarley,rep
Mon Nov 05 18:22:43 +0000 2018,JunerCJ,RT @Waydown_here: @SenGillibrand Vote @CheleFarley !,rep
Mon Nov 05 18:17:11 +0000 2018,wca4kids,"Mental health, gun violence, and immigration are a few topics discussed among the youth we spoke to in White Plains‚Ä¶ https://t.co/LbfPrx9zae",ind
Mon Nov 05 18:15:05 +0000 2018,Lyn1350,"@jeankat10 @dbongino Same here in NY. I vote for any Republican or Conservative there is on the ballot, but these d‚Ä¶ https://t.co/UomwkRCqGW",rep
Mon Nov 05 18:08:30 +0000 2018,Waydown_here,@SenGillibrand Vote @CheleFarley !,rep
Mon Nov 05 18:05:01 +0000 2018,norine49,"RT @mchicon: @marcmolinaro , @Wofford4AG , @CheleFarley and @jtrichter for the WIN! VOTE GOP DOWN THE LINE TOMORROW TUESDAY NOVEMBER 6 TO G‚Ä¶",rep
Mon Nov 05 18:04:38 +0000 2018,Nikkistark22,Vote for #GOP WOMEN! @CheleFarley @NaomiLevinNY https://t.co/yqRRi4UQcx,rep
Mon Nov 05 18:01:23 +0000 2018,MalyndaNyc,"@SenGillibrand Vote @CheleFarley!

@SenGillibrand hasn‚Äôt done anything for New York: Senate candidate Chele Farley‚Ä¶ https://t.co/h8QZ8ggw5x",rep
Mon Nov 05 17:59:59 +0000 2018,mtbackpackrk,"üá∫üá∏Chele is our only choice for üá∫üá∏U.S. N.Y. Senator, she is not a politician &amp; has committed to working very hard fo‚Ä¶ https://t.co/afUqRTXabE",rep
Mon Nov 05 17:58:15 +0000 2018,LotsOfLoveFromM,https://t.co/bKbwsjnVKo,ind
Mon Nov 05 17:55:56 +0000 2018,MagaNon1,What an idea https://t.co/h3EsesCCQH,ind
Mon Nov 05 17:48:05 +0000 2018,Rileysmomma18,@MIKENY78 @UniteVoteRed @valshep @marcmolinaro @CheleFarley @LarrySharpe Robert Trump who is the Presidents brother‚Ä¶ https://t.co/JKxeL6x5j2,rep
Mon Nov 05 17:34:03 +0000 2018,NRafter,"Rudy Giuliani robocalled my parents (registered Democrats, anti-Trump) for @CheleFarley, noting that she would be a‚Ä¶ https://t.co/tJRIp1iSdl",dem
Mon Nov 05 17:18:12 +0000 2018,morganzegers,RT @FistFick69: @SenGillibrand America definitely values women. Especially honest hard working Conservative Women. @morganzegers @CheleFarl‚Ä¶,rep
Mon Nov 05 17:13:41 +0000 2018,MinorityScience,@CheleFarley @SenGillibrand Can you also mention white terrorism? Stop feeding people this Trump-fueled hatred. NY‚Ä¶ https://t.co/x2Qs4mcU09,ind
Mon Nov 05 17:13:29 +0000 2018,GaussJylle,@karshanandrea @jdforward @SenGillibrand @CheleFarley Please don't confuse judaism the religion with israel the pol‚Ä¶ https://t.co/E2i8mntRC8,rep
Mon Nov 05 17:08:31 +0000 2018,FistFick69,@SenGillibrand America definitely values women. Especially honest hard working Conservative Women. @morganzegers‚Ä¶ https://t.co/1PJlzwwu7F,rep
Mon Nov 05 17:06:28 +0000 2018,Charly_Fraley,"RT @CheleFarley: I'm fighting for homeowners &amp; leveling¬†the playing field for renters, too. My #RentTaxRelief plan deducts up to $36K from‚Ä¶",rep
Mon Nov 05 17:05:54 +0000 2018,armor_pattyc,Gillbrand don't care about victims who were butchered and killed by MS13 Gangs. Where were she when Kayla and Nisa‚Ä¶ https://t.co/e7wO33MmA5,rep
Mon Nov 05 17:05:49 +0000 2018,JoeStatMan64,"@CheleFarley Out with the old
In with the new
I'm tossing the barley &amp;
Voting for Farley",rep
Mon Nov 05 17:04:38 +0000 2018,Lynx62,@realDonaldTrump @claudiatenney We the people of NY need you to endorse @CheleFarley for US Senate and @marcmolinaro,rep
Mon Nov 05 17:00:19 +0000 2018,Gngerbrdgrl,"RT @mtbackpackrk: üá∫üá∏Vote for @marcmolinaro Gov with @juliepkillian Lt. Gov. 
@CheleFarley
NY US Senate
@Wofford4AG Attorney General
@jtrich‚Ä¶",rep
Mon Nov 05 16:51:35 +0000 2018,savedbygrace761,@CheleFarley @SenGillibrand You have my vote tomorrow!  üá∫üá∏,ind
Mon Nov 05 16:50:19 +0000 2018,rainafortini,@mchicon @Wofford4AG @marcmolinaro @CheleFarley @jtrichter It's stupid to pretend the corruption is all on Cuomo an‚Ä¶ https://t.co/RCr9LyzOmn,dem
Mon Nov 05 16:33:36 +0000 2018,MJRAN73,@News12LI @CheleFarley #dumpCuomo,rep
Mon Nov 05 16:33:22 +0000 2018,BJamesSidis,@News12LI @CheleFarley Here is a liberal/socialist contemplating toasters... https://t.co/dO96fNn7jS,rep
Mon Nov 05 16:26:58 +0000 2018,CaseyParksIt,"@ScottPresler Straight down the line Red, Scott.

@marcmolinaro 
@CheleFarley",rep
Mon Nov 05 16:25:47 +0000 2018,RL9631,RT @Qns_NY_Cnsvativ: @marcmolinaro @DanDeBono @CheleFarley @Wofford4AG @Newsday @News12LI @WABCRadio @TheIslandNow @WLNYTV @LongIslandVotes‚Ä¶,rep
Mon Nov 05 16:25:05 +0000 2018,AlexandraAnne72,@SenGillibrand These midterms aren't about deciding whether we're a country that values women because we already ar‚Ä¶ https://t.co/fsgRfXF8Nr,rep
Mon Nov 05 16:24:00 +0000 2018,nykryptonian,"Below is a link to Goshen Districts 1-12, Orange County, New York‚Äôs ballot example for tomorrow! Be sure to vote! A‚Ä¶ https://t.co/DV2yUHajl1",ind
Mon Nov 05 16:23:00 +0000 2018,CHRIS_P_LANGAN,"Below is a link to Goshen Districts 1-12, Orange County, New York‚Äôs ballot example for tomorrow! Be sure to vote! A‚Ä¶ https://t.co/xC9ug6Cybj",ind
Mon Nov 05 16:22:05 +0000 2018,weiss_malka,RT @CheleFarley: Thank you to @curtisandcosby for having me on today to talk about the #midterms2018   https://t.co/vZ48PiXsom,rep
Mon Nov 05 16:15:24 +0000 2018,wordsrfree,RT @lilbulli1031: NY needs @CheleFarley for US Senator. Replace the self serving @SenGillibrand. Chele will keep NY tax money from hemorrha‚Ä¶,rep
Mon Nov 05 16:12:21 +0000 2018,chiaria6,RT @armor_pattyc: @CheleFarley @RudyGiuliani Tomorrow Tuesday Nov 6th is elections day.  Times for changes. Vote for CHELE FARLEY for senat‚Ä¶,rep
Mon Nov 05 16:07:17 +0000 2018,SandraLind15,@clarkeygirl16 @CheleFarley @RudyGiuliani üòÑüòÇ,rep
Mon Nov 05 15:54:16 +0000 2018,hlb54,"RT @CheleFarley: Team Chele volunteers canvassing today @ #nycmarathon! Thank you for your hard work to #GOTV2018 ahead of Tuesday, #Electi‚Ä¶",rep
Mon Nov 05 15:53:06 +0000 2018,Genesis33K,The man who brought NYC back to life &amp; who led us through the 9/11 terrorists attacks is asking us to vote for‚Ä¶ https://t.co/QNIkTvpSCq,rep
Mon Nov 05 15:48:54 +0000 2018,GreggSullivan7,@CheleFarley @RudyGiuliani On Long Island and most of us are whispering we are voting @GOP    @SenGillibrand has ab‚Ä¶ https://t.co/sxrLQcgb2d,rep
Mon Nov 05 15:47:57 +0000 2018,JamesGi31149914,@realDonaldTrump WHY in the Hell can't you give a SUPPORT TWEET to @CheleFarley running against the Marxist‚Ä¶ https://t.co/C491fCpyk9,rep
Mon Nov 05 15:43:19 +0000 2018,MzBittersweet81,That's #WhyImVoting for @CheleFarley - because @SenGillibrand is supposed to be my Senator but she doesn't represen‚Ä¶ https://t.co/gbF83nO7MZ,rep
Mon Nov 05 15:40:54 +0000 2018,ckutsc51,"RT @News12LI: 20 Questions with @CheleFarley,  Republican Candidate for U.S. Senate. Democrat incumbent Kirsten Gillibrand did not particip‚Ä¶",rep
Mon Nov 05 15:38:58 +0000 2018,AlphaGator,Hwy New York #VoteForCheleFarley. Chele you need to get on @seanhannity radio show today. Just do it. It will be we‚Ä¶ https://t.co/8XL77NvbAn,rep
Mon Nov 05 15:34:23 +0000 2018,karshanandrea,@jdforward @SenGillibrand A political canvasser told me yesterday that @SenGillibrand voted against BDS legislation‚Ä¶ https://t.co/nqV3i9tuxM,rep
Mon Nov 05 15:31:58 +0000 2018,ShawnSTOM777,@CheleFarley Those signs are dangerous on the side of the road. Because the first name is much smaller than the las‚Ä¶ https://t.co/77fUBrBj9h,rep
Mon Nov 05 15:21:15 +0000 2018,laurienappo,NY must elect both @CheleFarley and @marcmolinaro so we can start feeling the prosperity that the rest of the Count‚Ä¶ https://t.co/Z2MShFCsUL,rep
Mon Nov 05 15:19:50 +0000 2018,OutdorieWestB,"RT @JCats2013: Don't miss this Sunday's show on https://t.co/R7p9z2wVfg! Special guests: 
National: @StephenMoore, Ken Starr, @CheleFarley,‚Ä¶",ind
Mon Nov 05 15:18:12 +0000 2018,NYCampMom,Giuliani endorses @CheleFarley ! https://t.co/F1OVNoP2lJ,rep
Mon Nov 05 15:16:09 +0000 2018,methusablah,RT @thataintright01: #NewYork you have to #VoteOutGillibrand - She wants to abolish ICE. Why? Her father has ties to human trafficking comp‚Ä¶,rep
Mon Nov 05 15:14:15 +0000 2018,Kodie2038Donna,"@realDonaldTrump @claudiatenney Support @CheleFarley too running against @SenGillibrand send her packing!
#VoteRedToSaveAmerica #MAGA",rep
Mon Nov 05 15:13:12 +0000 2018,NYCgirl0817,"RT @News12BX: 20 Questions with @CheleFarley,  Republican Candidate for U.S. Senate. Democrat incumbent Kirsten Gillibrand did not particip‚Ä¶",rep
Mon Nov 05 15:05:42 +0000 2018,trishwalker163,@CheleFarley @RudyGiuliani Rudy Guiliani is a complete utter disgrace.,dem
Mon Nov 05 15:04:10 +0000 2018,knastus637,"RT @Hope_2_C_MAGA: These Little Town ‚ÄúBLUES‚Äù
R melting away
Gonna make brand new start of it
In old NY
If we can make it here
We‚Äôll make it‚Ä¶",rep
Mon Nov 05 15:01:21 +0000 2018,EquestarTjn,Awesome !  Vote Farley https://t.co/350C1ExDRZ,rep
Mon Nov 05 14:55:07 +0000 2018,terescavs,@jrt67 @jenniferx725 @rihanna @Solmemes1 @CheleFarley @marcmolinaro @Wofford4AG @ReneeMZeno @DanDeBono‚Ä¶ https://t.co/1TjY9ZEQGu,rep
Mon Nov 05 14:53:29 +0000 2018,thataintright01,#NewYork you have to #VoteOutGillibrand - She wants to abolish ICE. Why? Her father has ties to human trafficking c‚Ä¶ https://t.co/AqTX6rrrHF,rep
Mon Nov 05 14:43:09 +0000 2018,sq_mauricio,"RT @News12HV: 20 Questions with @CheleFarley,  Republican Candidate for U.S. Senate. Democrat incumbent Kirsten Gillibrand did not particip‚Ä¶",rep
Mon Nov 05 14:39:35 +0000 2018,ICDEB,@News12LI @CheleFarley üëç,rep
Mon Nov 05 14:34:51 +0000 2018,clarkeygirl16,@CheleFarley @RudyGiuliani https://t.co/SGqyYKeP6D,rep
Mon Nov 05 14:34:26 +0000 2018,ken11801,@News12LI @CheleFarley Maybe she was busy with Cryin' Chuck flapping her gums showing how NOT to be pro active until it is to late.,rep
Mon Nov 05 14:30:00 +0000 2018,News12BX,"20 Questions with @CheleFarley,  Republican Candidate for U.S. Senate. Democrat incumbent Kirsten Gillibrand did no‚Ä¶ https://t.co/TO85GBi4CJ",ind
Mon Nov 05 14:21:44 +0000 2018,_ArtistRack,"@CheleFarley Why not get your Music Featured on #ArtistRack - submissions are easy, click here &gt;&gt;&gt;‚Ä¶ https://t.co/77PXS5XtRD",ind
Mon Nov 05 14:21:34 +0000 2018,411retired,RT @CheleFarley: Thank you to Helen Freedman &amp; Robin Ticker for your strong support! As your US Senator I will stand w/ our ally #Israel fo‚Ä¶,rep
Mon Nov 05 14:08:29 +0000 2018,KristaSparks95,@CheleFarley @joshua1986ny @realMikeLindell The fraud pillow guy...? Funny,ind
Mon Nov 05 14:06:00 +0000 2018,Duvi_Honig,‚ÄúBRILLIANT MOVE‚Äù Watch @CheleFarley message about introducing Legislation to incorporate RENT as tax deductible (as‚Ä¶ https://t.co/Au0iAHG4jO,rep
Mon Nov 05 13:54:28 +0000 2018,thewatchfulmom,RT @CheleFarley: I've been endorsed by America's Mayor! Thank you to @RudyGiuliani for his support at yesterday's #Ohel visit. Let's #PutNY‚Ä¶,rep
Mon Nov 05 13:54:20 +0000 2018,Myshiloh,@GreggSullivan7 @CheleFarley @SenateDems Mine just shot up,ind
Mon Nov 05 13:47:31 +0000 2018,mymediazoo,GIULIANI ENDORSES CHELE FARLEY FOR UNITED STATES SENATE. The NYC Mayor who Saved Our City n 9/11 is asking New York‚Ä¶ https://t.co/hE1IVv7pBd,rep
Mon Nov 05 13:45:48 +0000 2018,Edmundite1,@CheleFarley Good Luck tomorrow!,rep
Mon Nov 05 13:39:56 +0000 2018,imbones25,"A vote for Chele Farley's opponent means open borders, higher taxes, and lower security. @SenGillibrand has not don‚Ä¶ https://t.co/Wh94bFjNlw",rep
Mon Nov 05 13:28:14 +0000 2018,bernieandsid,Vote for her please-Please do NOT let Gillibrand win! https://t.co/2Hq9UxMGyp,rep
Mon Nov 05 13:27:48 +0000 2018,GannonShaya,RT @LadyLibertyInEx: Chele intends to invest in the state‚Äôs crumbling roads and bridges and to fix the nation‚Äôs largest mass transportation‚Ä¶,rep
Mon Nov 05 13:27:27 +0000 2018,John_Colascione,Giuliani Endorses Chele Farley For United States Senate https://t.co/qMrPxlOz6e #PutNYFirst #Farley4NY @CheleFarley‚Ä¶ https://t.co/9Pz5zQFN69,rep
Mon Nov 05 13:21:56 +0000 2018,GibsonAddict283,@210ds @CheleFarley @leezeldin @SenGillibrand #shamone,rep
Mon Nov 05 13:13:55 +0000 2018,LadyLibertyInEx,Chele intends to invest in the state‚Äôs crumbling roads and bridges and to fix the nation‚Äôs largest mass transportat‚Ä¶ https://t.co/zFPazhFdcG,rep
Mon Nov 05 13:08:10 +0000 2018,DaveCatalfamo,".@SenGillibrand ""is focused on raising her profile to run for president, but what I care about is that she hasn't a‚Ä¶ https://t.co/FRepLo4NFo",rep
Mon Nov 05 13:08:03 +0000 2018,curlygh,@foxandfriends why are we not talking about the New York senate race we need help we need to vote 4 @CheleFarley no‚Ä¶ https://t.co/Lmeqsoopww,rep
Mon Nov 05 13:02:43 +0000 2018,Airdisplacer,RT @ElizabethBotros: @UniteVoteRed @Airdisplacer @CheleFarley https://t.co/P8Bw1qR0MX,rep
Mon Nov 05 12:56:30 +0000 2018,valshep,#VoteCheleFarley #VoteStraightRepublicanTicket #MakeNewYorkRedAgain https://t.co/IVb6lzq8Ds,rep
Mon Nov 05 12:48:26 +0000 2018,Onorato58,@SenGillibrand I value @CheleFarley,rep
Mon Nov 05 12:48:16 +0000 2018,jp12687,@CheleFarley on the fence if I should vote for you. I like a lot of what you say about the broken system. Talk a lo‚Ä¶ https://t.co/CG8DDPx8SB,ind
Mon Nov 05 12:43:45 +0000 2018,ElizabethBotros,@UniteVoteRed @Airdisplacer @CheleFarley https://t.co/P8Bw1qR0MX,rep
Mon Nov 05 12:30:26 +0000 2018,mdpaniccia,"RT @mdpaniccia: Could you see Coumo doing that, from his corrupt ivory tower? Standing among everyday New Yorkers. Answering their question‚Ä¶",rep
Mon Nov 05 12:24:19 +0000 2018,DrLMI1,"RT @terescavs: @marcmolinaro Ya got it Marc üåπ

‚ÄúLitisha is a Disastah‚Äù 
Vote @Wofford4AG  NYS AG

Keep knockin‚Äô on ‚ÄúDem‚Äù doors https://t.co‚Ä¶",rep
Mon Nov 05 11:47:29 +0000 2018,RichardHalas,"RT @CheleFarley: .@SenGillibrand bills herself as ""transparent"" &amp; ""accessible."" Really? Gillibrand intentionally avoided our @News12LI deba‚Ä¶",rep
Mon Nov 05 11:37:27 +0000 2018,javierccancce,RT @AaronKleinShow: Radio lineup for this weekend includes @RonDeSantisFL @CheleFarley @NaomiLevinNY and I'm broadcasting from Florida on e‚Ä¶,ind
Mon Nov 05 11:27:43 +0000 2018,archangelny1,"RT @CheleFarley: Read MacKenzie Shoen's¬†great¬†LTE in @WDTnews. Albany's &amp; DC's status quo weren't working, so it's up to a new generation o‚Ä¶",ind
Mon Nov 05 10:53:52 +0000 2018,MadStorkImages,"RT @innaroz: New Yorkers, please vote 4 @CheleFarley - to replace K. Gillibrand, and @marcmolinaro - to replace Cuomo.
If we all come out t‚Ä¶",rep
Mon Nov 05 10:50:32 +0000 2018,SHICAGroup,RT @robjh1: Fellow Patriots: Please join me in supporting 3 strong conservative women who are running for office in liberal New York. Let's‚Ä¶,rep
Mon Nov 05 09:13:39 +0000 2018,SexyTrump3,@robjh1 @NaomiLevinNY @CheleFarley @Corina4UWS I love Smart and Sexy Patriotic Woman üòâüëçüëç Lol,rep
Mon Nov 05 08:47:56 +0000 2018,glennmid10001,"@JackJolis @NRO @CheleFarley @cpnys @SenGillibrand Accusations of voter fraud without any evidence, how conservative of you.",ind
Mon Nov 05 08:13:29 +0000 2018,CH88keys,@Nikkistark22 @CheleFarley @NaomiLevinNY @Florida_CD5 @AjaforCongress @ElizabethHeng @RepStefanik @LeahVukmir‚Ä¶ https://t.co/3zYH3T8JRz,rep
Mon Nov 05 07:37:33 +0000 2018,JackJolis,"@NRO I just voted (absentee) for @CheleFarley for Senate on the @cpnys line.

I can't tell you how much pleasure it‚Ä¶ https://t.co/y0bukJj9qf",rep
Mon Nov 05 06:09:28 +0000 2018,Shauna33R,"NY Residents

VOTE OUT @SenGillibrand
&gt;FOUL-Mouthed
&gt;Do-NOTHING
&gt;Man-BASHER

VOTE IN @CheleFarley for YOUR True Rep‚Ä¶ https://t.co/r4dD6WCfQK",rep
Mon Nov 05 05:58:23 +0000 2018,Mariatweets3,"RT @Hope_2_C_MAGA: @FriendsofPappas .@marcmolinaro @CheleFarley @POTUS 
https://t.co/rTkPvEndyO",rep
Mon Nov 05 05:44:29 +0000 2018,svetlanagpiano,RT @Kodie2038Donna: @EricTrump @RealAdamHo @claudiatenney How about getting the word out for @CheleFarley she is running against Gillabrand‚Ä¶,rep
Mon Nov 05 05:39:05 +0000 2018,janonthemtn,RT @thoughtful1more: @mitchellvii Not all states allow early voting.  I‚Äôll be there first thing Tuesday morning voting all red in NYS - esp‚Ä¶,rep
Mon Nov 05 04:22:14 +0000 2018,pittsfansandy,RT @KMCRadio: They are three first timers seeking to turn blue Senate seats Red! In states where it should never happen‚Äîall three have a bo‚Ä¶,rep
Mon Nov 05 04:20:12 +0000 2018,innaroz,"New Yorkers, please vote 4 @CheleFarley - to replace K. Gillibrand, and @marcmolinaro - to replace Cuomo.
If we all‚Ä¶ https://t.co/fqtbTGqtoR",rep
Mon Nov 05 04:09:32 +0000 2018,DustinGinsberg,"Hey @CheleFarley, your supporters put your sign in my lawn. For someone who is so outspoke about ‚Äúan invasion‚Äù, tel‚Ä¶ https://t.co/DJ3IfLpfMS",dem
Mon Nov 05 04:05:18 +0000 2018,mbwaldo,@ReligionOfSteve @MSMW1 @HeiserLong @SenGillibrand @CheleFarley !!!!!,ind
Mon Nov 05 04:04:17 +0000 2018,DavidMQuist1,RT @robjh1: @CheleFarley good luck debating Gillibrand. https://t.co/feMCi6rLf1,rep
Mon Nov 05 03:19:47 +0000 2018,Qaz21987315,RT @armor_pattyc: @CheleFarley Vote for CHELE FARLEY for senator she will lower taxes. A deduction for rent paid is great. She will put res‚Ä¶,rep
Mon Nov 05 03:09:22 +0000 2018,BrevetFlashman,@CheleFarley Chele all the way,rep
Mon Nov 05 02:50:17 +0000 2018,itamar_bh,@SenGillibrand No mem. You are such a hypocrite. You lost the ability to play that card  when you supported FALLS a‚Ä¶ https://t.co/jZT8Jy5TmR,rep
Mon Nov 05 02:35:15 +0000 2018,niteangel42,"@JFNYC1 @lsarsour @CheleFarley Stopping illegal immigration, getting the wall built to protect our country, doing a‚Ä¶ https://t.co/5RJEumtyPr",rep
Mon Nov 05 01:58:03 +0000 2018,rottdawgler,RT @kel2195: @UniteVoteRed @kennyscott1952 @marcmolinaro @CheleFarley Yes it‚Äôs time to end the Cuomo era!The one that thinks America was ne‚Ä¶,rep
Mon Nov 05 01:57:14 +0000 2018,PlassSandy,RT @JoanneColombo: @UniteVoteRed @joehos18 @marcmolinaro @CheleFarley https://t.co/jo2n0b7E2L,rep
Mon Nov 05 01:45:16 +0000 2018,thoughtful1more,@nat20148 @steve_durnan @mitchellvii @marcmolinaro @CheleFarley I‚Äôll be glued to the results until it comes back we‚Ä¶ https://t.co/UkJcawBOvJ,rep
Mon Nov 05 01:39:42 +0000 2018,nat20148,@steve_durnan @thoughtful1more @mitchellvii @marcmolinaro @CheleFarley My friends and I are making a day of it! Vot‚Ä¶ https://t.co/ap6UE67kda,rep
Mon Nov 05 01:35:30 +0000 2018,MagaQueens,Support our great candidates around NYC &amp; NYS @Paladino4Senate @davebressler @DanDeBono @marcmolinaro @Wofford4AG‚Ä¶ https://t.co/nPNEYRE2WL,rep
Mon Nov 05 01:16:48 +0000 2018,ephemeralobject,@CheleFarley @realMikeLindell The My Pillow guy is a big fan of Trump and one of Hannity‚Äôs biggest sponsors. Thanks‚Ä¶ https://t.co/ohuaZwaMia,rep
Mon Nov 05 01:09:40 +0000 2018,ShiraGlenora,@SenGillibrand Your association with anti-Zionists scare me. At least I know that @CheleFarley won‚Äôt embrace‚Ä¶ https://t.co/UHB5wqgNrX,rep
Mon Nov 05 01:02:19 +0000 2018,421sdChris,@CheleFarley @SenGillibrand You have my vote. Look forward to having a senator that will work for upstate.Unlike ou‚Ä¶ https://t.co/Q82jfpSxy3,ind
Mon Nov 05 00:47:46 +0000 2018,josephc34468694,üëçüôèüèªüóΩüá∫üá∏ https://t.co/iDXnbibGXc,ind
Mon Nov 05 00:36:19 +0000 2018,EliotRabinForUS,"@CheleFarley 100% AGREE AND THEN WE WORK ON PUBLIC FUNDING TO GRT RID OF ALL LOBBYISTS, ELIOT RABIN FOR CONGRESS",rep
Mon Nov 05 00:16:32 +0000 2018,garycp70,@Rick6072 @CheleFarley @SenGillibrand Read only what you want through your biased lens.  You will never see what yo‚Ä¶ https://t.co/jeRiIOvCAg,ind
Sun Nov 04 23:58:40 +0000 2018,DrDourbine,@CheleFarley @realMikeLindell Every @gop politician would need at least one #MyPillow when they genuflect to kiss Trump‚Äôs asshole.,rep
Sun Nov 04 23:57:24 +0000 2018,Leland80043783,@CheleFarley Good luck Chele! I've been RTing for you!,rep
Sun Nov 04 23:49:46 +0000 2018,Sh1rtb1rd,@UniteVoteRed @monica73420951 @marcmolinaro @CheleFarley YES! Better than 55% of NY counties voted red in NY in 201‚Ä¶ https://t.co/2w7rFHXHqp,rep
Sun Nov 04 23:27:49 +0000 2018,RoseDC11,"My Fellow NY'ers this goes out to you!!! üá∫üá∏‚ö°Ô∏èüá∫üá∏‚ö°Ô∏èTUESDAY NOV 6th, VOTE FOR CHELE FARLEY FOR THE NY SENATE SEAT!!!!‚Ä¶ https://t.co/imS8wDRYfK",rep
Sun Nov 04 23:26:02 +0000 2018,Vikings202,RT @AaronKleinShow: EXCLUSIVE: @CheleFarley Demands @SenGillibrand Return Money from Firm Led by Longtime Harvey Weinstein Consigliere http‚Ä¶,rep
Sun Nov 04 23:15:10 +0000 2018,kovid2012,RT @ny_sharpe: @rprez2012 @marcmolinaro @CheleFarley @Wofford4AG @jtrichter Don't waste your vote! We need @LARRYSHARPE!! #Sharpe4Gov #aNew‚Ä¶,ind
Sun Nov 04 23:13:43 +0000 2018,Precliner,@rprez2012 @marcmolinaro @CheleFarley @Wofford4AG @jtrichter Molinaro votes in line with Cuomo and is corrupt like‚Ä¶ https://t.co/HMbD84PXKA,rep
Sun Nov 04 22:48:13 +0000 2018,LebovitsI,@CheleFarley New York vote red,rep
Sun Nov 04 22:32:31 +0000 2018,john_siracusa,RT @CheleFarley: Debate-ducking @SenGillibrand missed her chance to debate me on Long Island today. Along with her absence from NY in Octob‚Ä¶,rep
Sun Nov 04 22:28:44 +0000 2018,BruceTacodip,@CheleFarley You can count on my vote on Tuesday,rep
Sun Nov 04 22:24:14 +0000 2018,alive4hm,@Marty_Since87 @UniteVoteRed @CheleFarley Same,rep
Sun Nov 04 22:20:53 +0000 2018,luxtualuceat,RT @bcolbert68: NEW YORK:  Vote for @marcmolinaro for Governor and @CheleFarley for US Senate! https://t.co/yVptEhkniz,rep
Sun Nov 04 22:16:28 +0000 2018,TRUMP4ISRAEL,RT @Nikkistark22: @CheleFarley @TRUMP4ISRAEL @SenGillibrand The Democrats! https://t.co/Oloqr1YKlH,rep
Sun Nov 04 22:04:25 +0000 2018,17_FighterZ,@rprez2012 @marcmolinaro @CheleFarley @Wofford4AG @jtrichter I think Marc did ok in Women‚Äôs League Debate but given‚Ä¶ https://t.co/IrVGs4vPiE,rep
Sun Nov 04 21:53:38 +0000 2018,PeteWhiteMeat,"@rprez2012 @marcmolinaro @CheleFarley @Wofford4AG @jtrichter The only real option for Governor. 

@LarrySharpe &amp;‚Ä¶ https://t.co/d7TxsnTQVg",rep
Sun Nov 04 21:34:52 +0000 2018,Krazy_Bhoy_Dave,@rprez2012 @marcmolinaro @CheleFarley @Wofford4AG @jtrichter A vote for Molinaro is the wasted vote. Come over to t‚Ä¶ https://t.co/RRODZWs138,rep
Sun Nov 04 21:34:13 +0000 2018,gijimsmom,#Farley4NY #Farley4NY #Farley4NY #Farley4NY #Farley4NY #Farley4NY #Farley4NY #Farley4NY #Farley4NY #Farley4NY‚Ä¶ https://t.co/8MNMxwq88r,rep
Sun Nov 04 21:18:30 +0000 2018,ny_sharpe,@rprez2012 @marcmolinaro @CheleFarley @Wofford4AG @jtrichter Don't waste your vote! We need @LARRYSHARPE!!‚Ä¶ https://t.co/bWAJs2g5vK,ind
Sun Nov 04 21:13:47 +0000 2018,avigayil_a,"If you live in NY, get out and vote for Chele Farley! New York deserves better than Senator Gillibrand and her non‚Ä¶ https://t.co/lY86ZlcMpn",rep
Sun Nov 04 21:04:07 +0000 2018,bikedb06,@CheleFarley @Carolyncorneli8 @realMikeLindell Good for you üëçüëç,rep
Sun Nov 04 20:58:08 +0000 2018,cheech20101,@SenSchumer @StopOpioidOD Don‚Äôt worry Chuck your time is coming soon. In 2020 New York will be replacing you. This‚Ä¶ https://t.co/1pR56I6InL,rep
Sun Nov 04 20:47:03 +0000 2018,Kmc_1026,"@CheleFarley Is she a Democrat or Republican? It really annoys me when I have to search endlessly on a profile, to‚Ä¶ https://t.co/g1BxJkPmRe",rep
Sun Nov 04 20:45:32 +0000 2018,MdenMarianne,@KMCRadio @BobHugin @JohnJamesMI @CheleFarley John James will win Michigan!!üá∫üá∏,ind
Sun Nov 04 20:26:49 +0000 2018,enoughalready16,RT @FenucciMiles: @CheleFarley #VoteRedtoSaveNY,rep
Sun Nov 04 20:11:28 +0000 2018,FIGHTINGVETERAN,"RT @JohnnyB371: For too long, New Yorkers have been held hostage by career politicians more focused on their own narrow interests than doin‚Ä¶",rep
Sun Nov 04 19:51:13 +0000 2018,JosephFalzone3,"RT @coolhand_luke88: Siena College Poll: Democratic @SenGillibrand leads Republican @CheleFarley 58-35% in New York Senate race, which is d‚Ä¶",dem
Sun Nov 04 19:45:48 +0000 2018,MarisolTexas,"RT @rprez2012: Tuesday I'm voting for all Republicans..
@marcmolinaro #NYGOV 
@CheleFarley #NYSen 
Jason Gonzalez #NY15 
@Wofford4AG #NYAG‚Ä¶",rep
Sun Nov 04 19:43:53 +0000 2018,rprez2012,"Tuesday I'm voting for all Republicans..
@marcmolinaro #NYGOV 
@CheleFarley #NYSen 
Jason Gonzalez #NY15‚Ä¶ https://t.co/no0IYKcnGO",rep
Sun Nov 04 19:43:15 +0000 2018,prospectorjack,@CheleFarley Term limits would be great!,rep
Sun Nov 04 19:41:50 +0000 2018,DanielWaltz13,@CheleFarley I fully agree with you @CheleFarley .,rep
Sun Nov 04 19:33:40 +0000 2018,babysgramma,RT @steve_durnan: @thoughtful1more @mitchellvii @marcmolinaro @CheleFarley I don't start work till 4pm. So I'll give the morning crowd a ch‚Ä¶,rep
Sun Nov 04 19:23:46 +0000 2018,LightOnIt1,RT @Elgianne: @CheleFarley Tried speaking with Dane in your office for a month &amp; he kept putting me off with no answer. If you‚Äôd rather the‚Ä¶,ind
Sun Nov 04 19:00:52 +0000 2018,KaylJeff,"Intellectually, Sen. Silly Gillibrand can‚Äôt hold a candle to Ms. Farley. Unfortunately, NYC is full of idiot-masoch‚Ä¶ https://t.co/tHyAhBTYYX",rep
Sun Nov 04 18:59:46 +0000 2018,Kevin_Nyvek,"The @SenGillibrand  vs. @CheleFarley #debate. Get to know the candidates before you #vote üá∫üá∏üá∫üá∏üá∫üá∏üá∫üá∏üá∫üá∏ 

https://t.co/rDpPToMPd4",ind
Sun Nov 04 18:28:16 +0000 2018,SimchaStefan,"RT @JCats2013: CATS Roundtable National Edition #podcast
Sunday, Nov 4th ‚ñ∫ Interview with @CheleFarley - Make rent tax deductible
https://t‚Ä¶",ind
Sun Nov 04 18:22:22 +0000 2018,steve_durnan,@thoughtful1more @mitchellvii @marcmolinaro @CheleFarley I don't start work till 4pm. So I'll give the morning crow‚Ä¶ https://t.co/R3C2elNxvX,rep
Sun Nov 04 18:13:45 +0000 2018,llaWttaM,Don't buy MyPillow https://t.co/PvjoEnwpim,ind
Sun Nov 04 18:08:37 +0000 2018,ShellbackGolden,@CheleFarley @realMikeLindell We need you CHELE Molinaro and the rest save us from being turned into California,rep
Sun Nov 04 18:06:23 +0000 2018,TheLyon0,What say you #NewYork #Patriots!? #MAGA #VoteRed https://t.co/mSQb9bmWil,rep
Sun Nov 04 17:42:03 +0000 2018,nyvetvote,"@IvankaTrump ‚òïÔ∏è,#BreakingNews : @NYGovCuomo is #below50% and #NYS knows #CuomoGotToGo!  #NYC and #NYS need to‚Ä¶ https://t.co/TYUdzQpcCt",rep
Sun Nov 04 17:40:08 +0000 2018,JCats2013,"CATS Roundtable National Edition #podcast
Sunday, Nov 4th ‚ñ∫ Interview with @CheleFarley - Make rent tax deductible
https://t.co/0wZ0iHEZzH",ind
Sun Nov 04 17:40:06 +0000 2018,CatsRoundtable,"CATS Roundtable National Edition #podcast
Sunday, Nov 4th ‚ñ∫ Interview with @CheleFarley - Make rent tax deductible
https://t.co/Rr0c5I8rVJ",ind
Sun Nov 04 17:37:17 +0000 2018,GreenbergPR,"RT @coolhand_luke88: Siena Poll: @CheleFarley is unknown to 86% of voters in #NYSen race, which is only down from 89% in February #Midterms‚Ä¶",ind
Sun Nov 04 17:37:11 +0000 2018,Rick6072,@garycp70 @CheleFarley @SenGillibrand Do you think putting all caps and exclamation points in your tweets make them‚Ä¶ https://t.co/d6bHxpvCbZ,rep
Sun Nov 04 17:23:45 +0000 2018,martin_samoylov,@yossy770 @SienaResearch @SenGillibrand @CheleFarley She's 23 points ahead according to that poll.,ind
Sun Nov 04 17:22:01 +0000 2018,coolhand_luke88,Siena Poll: @SenGillibrand leads @CheleFarley by 9 points among voters who live in #upstateny region #NYSen #Midterms2018,dem
Sun Nov 04 17:14:08 +0000 2018,TeresaTatK,"RT @CheleFarley: As US Senator for NY, I will be your voice for a strong &amp; secure #Israel! Join us tonight @ 6PM for my #Rally4Israel, pres‚Ä¶",rep
Sun Nov 04 17:02:55 +0000 2018,1800pinky,RT @EvansMediaUSA: @AnnaBD20 @CheleFarley https://t.co/Loj6rLYj6X,rep
Sun Nov 04 15:59:40 +0000 2018,texas_katherine,@CheleFarley @dandonovan_ny Rooting for you from Texas! üá∫üá∏,rep
Sun Nov 04 15:47:32 +0000 2018,maryann_penza,RT @terescavs: @SaveJersey @MagaApplePie @MattRooneyNJ @BobHugin #Bob Hugin‚Äôs got a Great chance NJ ...NYS supports ya &amp; pushin‚Äô for Marc M‚Ä¶,rep
Sun Nov 04 15:19:01 +0000 2018,Rob__Base,"@VannagrammyLiz Will do !üá∫üá∏
@marcmolinaro 
@CheleFarley 
@DanDeBono",rep
Sun Nov 04 14:47:05 +0000 2018,USA_Aquanaut,@CheleFarley @JCharles791 WTF?,ind
Sun Nov 04 14:39:31 +0000 2018,DANNYZHANG1981,"@CheleFarley ÁæéÂõΩÂçéËÆØ‰∏çËÉΩÊòßÁùÄËâØÂøÉÊ¨∫ÁûíÊàë‰ª¨ÁöÑÂçéË£îÂçé‰∫∫ÂêåËÉûÔºÅ

Âè¶ÊçÆËêßÊ≥ïËéâÁöÑÂçéË£îÂä©ÁêÜÁî®Êé®ÊµãÁöÑÊñπÂºèËØ¥Â∞èÁºñÊòØÈùûÊ≥ïÁßªÊ∞ëÔºåÂ∫îËØ•ÂèóÂà∞ÂÖ±ÂíåÂÖöÁöÑÂêåÊÉÖÔºåÂõ†‰∏∫ÂÖ±ÂíåÂÖöÊé®Â¥áÂèçÂØπÂú®Á∫ΩÁ∫¶Â∑ûÂª∫‰ªª‰ΩïÁöÑÂ∫áÊä§ÂüéÂ∏Ç. Â∞±Â•πÂä©ÁêÜÂØπÈùûÊ≥ïÁßªÊ∞ëÁöÑÂÅèËßÅÔºåÂèØËßÅÂÖ±ÂíåÂÖöÂÜç‚Ä¶ https://t.co/QS14DxlUB8",ind
Sun Nov 04 14:31:19 +0000 2018,kevindelariva97,Just watched @CheleFarley ‚Äòs debate and she killed it üëåüèΩüëåüèΩ she‚Äôs the positive change folks in New York need,rep
Sun Nov 04 14:26:40 +0000 2018,dickreedny,Grab a bike and vote Republican in NYC!  @marcmolinaro @CheleFarley @Wofford4AG #RedWave #Republicans #Freedom https://t.co/HYLFJ6r8Po,rep
Sun Nov 04 14:23:38 +0000 2018,Robert_Fiore,@CheleFarley Means please come out and vote Tuesday,rep
Sun Nov 04 14:19:54 +0000 2018,UbriacMary,You have done nothing for New York! @SenatorGillibrand @CheleFarley #MAGA #REDWAVE https://t.co/ZvJvZf4jxg,rep
Sun Nov 04 14:13:35 +0000 2018,Dogdazetoo,@roachman58 @CheleFarley @News12LI I know!  It's awful.  I will be voting Red in NY!,rep
Sun Nov 04 14:12:17 +0000 2018,AbbeyH202,Vote for NY's Rent Tax Deductions!!! https://t.co/1KwrN4BQaw,rep
Sun Nov 04 14:07:04 +0000 2018,roachman58,"@CheleFarley @News12LI RED WAVE NY,or just continue to be ripped off by paying higher taxes and paying for sanctuary state",rep
Sun Nov 04 13:37:10 +0000 2018,SirYussly,RT @KMCRadio: .@CheleFarley who is she? And why is she the right WOMAN from @NY to be the U. S. Senator from #New York? Shee checked in wit‚Ä¶,rep
Sun Nov 04 13:33:27 +0000 2018,DavidJo73577137,RT @NormaPernicone1: @UniteVoteRed @TrumpPatriot1 @CheleFarley https://t.co/Yj058ZQZ00,rep
Sun Nov 04 13:32:06 +0000 2018,octavioaraujo41,RT @_TheCivilRight: Only 42% of asians vote compared to 60% of blacks but since their vote is up for grabs they get courted... https://t.co‚Ä¶,ind
Sun Nov 04 13:30:50 +0000 2018,daveallenshow,RT @WSYRNews: Republican @CheleFarley at 9:00AM on @WSYRNews! https://t.co/rDbHblUJwX,rep
Sun Nov 04 13:30:20 +0000 2018,WSYRNews,Republican @CheleFarley at 9:00AM on @WSYRNews! https://t.co/rDbHblUJwX,ind
Sun Nov 04 13:26:27 +0000 2018,bubbygina,@trishwalker163 @CheleFarley Voting blue means allowing radicals to take over our country. Socialism sounds nice bu‚Ä¶ https://t.co/mNAMdzUGjx,rep
Sun Nov 04 13:21:13 +0000 2018,supergate12,@SenGillibrand Vote gillibrand out her term limit of doing nothing is up. Vote for @CheleFarley,rep
Sun Nov 04 13:12:18 +0000 2018,MyShareWon,#NEWYORK vote @CheleFarley Chele Farley is running for the United States Senate to provide every New York family wi‚Ä¶ https://t.co/ZXX23Qz3Tk,rep
Sun Nov 04 13:10:04 +0000 2018,votetrump77,"RT @VinceD11566: @SenGillibrand Gillibrand you‚Äôre a Con Artist!
Vote Republican!
@CheleFarley fo US Senate NY",rep
Sun Nov 04 13:06:40 +0000 2018,Elgianne,@CheleFarley Tried speaking with Dane in your office for a month &amp; he kept putting me off with no answer. If you‚Äôd‚Ä¶ https://t.co/Mfxlw4rDhe,rep
Sun Nov 04 13:05:09 +0000 2018,GPG4865,@thebuffalonews @DandC @NiagaraFallsUSA It appears that Cuomo and Gillibrand have ignored the needs of upstate NY f‚Ä¶ https://t.co/5ztZh9gFdC,rep
Sun Nov 04 12:55:35 +0000 2018,Hope_2_C_MAGA,"@FriendsofPappas .@marcmolinaro @CheleFarley @POTUS 
https://t.co/rTkPvEndyO",rep
Sun Nov 04 12:51:22 +0000 2018,wisecc1,RT @Kodie2038Donna: This great lady is running against Gillibrand! What's to think about? #FireGillibrand and #VoteRedToSaveAmerica https:/‚Ä¶,rep
Sun Nov 04 12:42:28 +0000 2018,plkarter,@CheleFarley @JerryZremski @TheBuffaloNews https://t.co/Vgh7nRpZHz,ind
Sun Nov 04 12:24:53 +0000 2018,EliCal6,RT @mtbackpackrk: @DrLMI1 @marcmolinaro @realDonaldTrump @DonaldJTrumpJr @EricTrump @LionelMedia @mitchellvii @LisaMei62 @TomFitton @dbongi‚Ä¶,rep
Sun Nov 04 11:44:43 +0000 2018,JamesGaringer1,RT @Feilercarol: @UniteVoteRed @birdman8272 @marcmolinaro @CheleFarley New York better wake up soon if they want to have a place to call ho‚Ä¶,rep
Sun Nov 04 07:46:49 +0000 2018,mbkratter,@HotlineJosh I was getting a lot of Beto ads in my Twitter feed. Texas candidates spend more for my vote than‚Ä¶ https://t.co/QCicoJzcc8,ind
Sun Nov 04 07:02:05 +0000 2018,4NYUSsenate18,RT @4NYUSsenate18: Look forward to your victory Senatorüá∫üá∏ https://t.co/BHgM4y7D9v,rep
Sun Nov 04 06:56:35 +0000 2018,D10STABILE,3.#NewYork vote @CheleFarley Chele Farley is running for the United States Senate to provide every New York family‚Ä¶ https://t.co/JRsC5y02ju,rep
Sun Nov 04 06:42:06 +0000 2018,JimRushmore,"@EvansMediaUSA @CheleFarley @RudyGiuliani You're very welcome,  Hoping to help get Molinaros name out there and his‚Ä¶ https://t.co/7snKe5QZdM",rep
Sun Nov 04 06:36:33 +0000 2018,bcolbert68,NEW YORK:  Vote for @marcmolinaro for Governor and @CheleFarley for US Senate! https://t.co/yVptEhkniz,rep
Sun Nov 04 06:25:10 +0000 2018,EvansMediaUSA,@AnnaBD20 @CheleFarley https://t.co/Loj6rLYj6X,ind
Sun Nov 04 06:08:51 +0000 2018,michaelbrandell,"RT @JohnnyB371: ""Another Gillibrand no-show. When it comes to standing up for New Yorkers here on Long Island or elsewhere around the state‚Ä¶",rep
Sun Nov 04 03:56:12 +0000 2018,SherryHembree1,@FoxNews @foxandfriends This  is exactly  why  to  vote  for @realDonaldTrump  Michelle Obama teams up with NAACP t‚Ä¶ https://t.co/3FriE28Rg2,rep
Sun Nov 04 03:50:57 +0000 2018,hhheomn1,WOW In her interview in @HamodiaUS @CheleFarley declares she wants rent to be a deductible from Federal Taxes! Saving us $1000's in Taxes!,rep
Sun Nov 04 03:39:54 +0000 2018,RocketSportsEnt,#Farley4NY Vote .@CheleFarley Nov 6th https://t.co/suXgzGKA2q,rep
Sun Nov 04 03:19:45 +0000 2018,KAdair21537902,"@trishwalker163 @CheleFarley üò¢ Bully, lol. @SenGillibrand is a feather brained phony. 

And by the way you don‚Äôt speak for ‚Äúus‚Äù.",rep
Sun Nov 04 03:15:09 +0000 2018,deborahann770,"RT @KAdair21537902: @CheleFarley @SenGillibrand She‚Äôs a world class dummy, but at least she smart enough to know that someone learns that e‚Ä¶",rep
Sun Nov 04 03:12:16 +0000 2018,antlovato3,RT @heyk1967: @ebgb777 @UniteVoteRed @marcmolinaro @CheleFarley üíØüíØ NY we must take our state back #RedWave üá∫üá∏üá∫üá∏ https://t.co/VC13nv6hYM,rep
Sun Nov 04 03:11:58 +0000 2018,TransformativeV,RT @heyk1967: @ebgb777 @UniteVoteRed @marcmolinaro @CheleFarley Thanks time we take NY back üá∫üá∏üá∫üá∏üá∫üá∏üá∫üá∏üá∫üá∏üá∫üá∏ https://t.co/f3NvfQCIW4,rep
Sun Nov 04 03:10:44 +0000 2018,zayden150,RT @Dmini4Ny: @UniteVoteRed @marcmolinaro @CheleFarley https://t.co/mPbUhC70mU,rep
Sun Nov 04 03:01:19 +0000 2018,BlueLightCans,"@CheleFarley @KMCRadio Chele u have my vote, but why are we just now hearing of you over last 4 weeks. You are smar‚Ä¶ https://t.co/oN7TpxQhjS",rep
Sun Nov 04 02:49:59 +0000 2018,Sushia,"Hey @marcmolinaro @CheleFarley I don't support you, I dont endorse you and you take your petty politics to the tras‚Ä¶ https://t.co/GpkHKAbMDe",dem
Sun Nov 04 02:20:10 +0000 2018,2012NoHeCant,"@CheleFarley continues with me now on #RadioNightLive. Talking #Decision2018. #VoteFarley, #VoteNov6, #Vote!‚Ä¶ https://t.co/0KjhwKNXug",rep
Sun Nov 04 02:19:43 +0000 2018,jerilynk66,@FenucciMiles @DonaldJTrumpJr @SenatorBrakey @CheleFarley you cant vote in NY if you live in ME....unless you're tr‚Ä¶ https://t.co/KKYzVhgZq9,rep
Sun Nov 04 01:53:59 +0000 2018,bigMTsky,@geraldericsson @SenGillibrand @CheleFarley is her opponent. üëç You can find the donation link there! :) HOOAH!,rep
Sun Nov 04 01:41:05 +0000 2018,Sparky2112r,@GOPChairwoman @realDonaldTrump @marcmolinaro @drjimmaxwell @CheleFarley #resultsmatter,rep
Sun Nov 04 00:57:23 +0000 2018,JacquelynnVert3,RT @CheleFarley: NYers deserve to know that in the name of blind ambition @SenGillibrand has abandoned her principles &amp; turned her back on‚Ä¶,rep
Sun Nov 04 00:49:09 +0000 2018,BostonPatriot,RT @M_Thompson03: I went on a drive around upstate NY. Tons of yard signs for @marcmolinaro &amp; @CheleFarley. I did see a couple for Larry Sh‚Ä¶,ind
Sun Nov 04 00:40:07 +0000 2018,RussJohn1620,@laurienappo @CoryBooker @SenSchumer @SenGillibrand @DNC @KamalaHarris @maziehirono So true! And don‚Äôt expect her t‚Ä¶ https://t.co/RH8Gykdjl4,ind
Sun Nov 04 00:30:50 +0000 2018,Libertywins1776,@CheleFarley @News12LI @SenGillibrand why didn't u show up?? Aren't u about democracy? #Farley4NY,rep
Sun Nov 04 00:22:27 +0000 2018,Hanksmom,"RT @VinceD11566: @SenGillibrand Vote for @CheleFarley .
Gillibrand must go!",rep
Sun Nov 04 00:18:31 +0000 2018,djtchwjtch,RT @GoldnemovesGold: @CheleFarley @nypost @SenGillibrand Kirsten Gillibrand aligns herself to Linda Sarsour a known Anti Semite &amp; Anti LBGQ‚Ä¶,rep
Sat Nov 03 23:59:56 +0000 2018,SCOTTY35089640,@CheleFarley Well Give it Hell!,rep
Sat Nov 03 23:58:18 +0000 2018,Violets4A,@VinceD11566 @SenGillibrand @CheleFarley üôÑ,ind
Sat Nov 03 23:51:09 +0000 2018,glfjunkie23,@SenGillibrand I'm in.. I'm voting @CheleFarley on Tuesday,rep
Sat Nov 03 23:48:04 +0000 2018,mroakND71,"Changes:
‚úÖSaturday:  
Change the Clock 
Tuesday: 
‚úÖChange the Governor, Lt. Gov., A.G. , Comptroller and US Senator‚Ä¶ https://t.co/bla2PYMKB6",rep
Sat Nov 03 23:37:09 +0000 2018,_TheCivilRight,Only 42% of asians vote compared to 60% of blacks but since their vote is up for grabs they get courted... https://t.co/IBplx1cZsb,ind
Sat Nov 03 23:00:19 +0000 2018,sararodriguezny,@VinceD11566 @SenGillibrand @CheleFarley Lol no,ind
Sat Nov 03 22:30:20 +0000 2018,TonyArm2,@CheleFarley I'm with you Michelle.,rep
Sat Nov 03 22:22:43 +0000 2018,custblt,#NEWYORK vote @CheleFarley Chele Farley is running for the United States Senate to provide every New York family wi‚Ä¶ https://t.co/rBhavj6yQn,rep
Sat Nov 03 22:22:25 +0000 2018,BallybunionBog,"RT @j_philly_: https://t.co/haw8ISt1bb
STOP THIS. Linda Sarsour supports anti semitic Louis Farrakhan. She praises Sheria law. Now she's in‚Ä¶",rep
Sat Nov 03 22:02:25 +0000 2018,TNrina,EXCLUSIVE: Opponent Chele Farley Demands @SenGillibrand Return Money from Firm Led by Longtime Harvey Weinstein Con‚Ä¶ https://t.co/uP6o7n65hb,ind
Sat Nov 03 21:41:44 +0000 2018,LarryABaker4,RT @jmrice: NY wise up!  Vote @CheleFarley . Time for useless Gillibrand to be shown the door. https://t.co/uXg93OIfHu,rep
Sat Nov 03 21:33:16 +0000 2018,kc_americangirl,@CoreyinNYC Vote @CheleFarley ! Vote @LarrySharpe !,rep
