Tue Nov 06 15:59:46 +0000 2018,hobokenurbanist,RT @MarketUrbanism: Chuck Schumer and Kirsten Gillibrand should run for federal elected office so that they can exert some real power over‚Ä¶
Tue Nov 06 15:59:28 +0000 2018,BigDuke123,RT @kbari12: WHY were DEMOCRATS Listed as Conservatives on Election Ballots!? #NewYork @TheJusticeDept @Jim_Jordan @GOPChairwoman @WhiteHou‚Ä¶
Tue Nov 06 15:59:13 +0000 2018,LoganNewberry22,‚ÄúPromoted‚Äù political tweet of Kirsten Gillibrand begging for money to help Claire McCaskill in Missouri.   I‚Äôm thin‚Ä¶ https://t.co/4uuTSqKvcW
Tue Nov 06 15:58:29 +0000 2018,TheHectorVargas,"@PaulGrondahl @timesunion @JayJoch @rexwsmith Of course lies by Dems ‚ÄúI‚Äôll serve my entire term‚Äù (see Gillibrand, C‚Ä¶ https://t.co/PbgjoWHmD4"
Tue Nov 06 15:57:29 +0000 2018,nanelvisfan,"RT @ImmigrantsAreUS: I am an immigrant. I am a veteran. I am a homeowner. I paid at least $3,000 in property taxes last year. I have lived‚Ä¶"
Tue Nov 06 15:56:05 +0000 2018,kbari12,WHY were DEMOCRATS Listed as Conservatives on Election Ballots!? #NewYork @TheJusticeDept @Jim_Jordan‚Ä¶ https://t.co/ko0dgu0qgv
Tue Nov 06 15:55:52 +0000 2018,HandJobBetty,"@MikeyJonJon Depending on who is left in the wake after this election, neither.  But given the options you've provided, Gillibrand."
Tue Nov 06 15:54:01 +0000 2018,Rumbleboffin,"RT @paisleytears: Soros gave to Claire McCaskill (MO), Bob Casey (PA), Amy Klobuchar (MN), Kirsten Gillibrand (NY), Jon Tester (Mont.), and‚Ä¶"
Tue Nov 06 15:53:29 +0000 2018,c_wjack,"RT @MikeyJonJon: When @KamalaHarris @CoryBooker @JoeBiden and @SenGillibrand (Kirsten Gillibrand) announce their presidential bid tomorrow,‚Ä¶"
Tue Nov 06 15:50:49 +0000 2018,RorySchreiber,The best part about Gillibrand 2020 will be forcing the NY dem machine to live with AOC taking the empty senate seat in a special election
Tue Nov 06 15:49:17 +0000 2018,ImmigrantsAreUS,"I am an immigrant. I am a veteran. I am a homeowner. I paid at least $3,000 in property taxes last year. I have liv‚Ä¶ https://t.co/8JWKeftx3m"
Tue Nov 06 15:47:51 +0000 2018,mog1717,"@MZHemingway @henryolsenEPPC This Never Trumper turned Never Democrat, Pro Kavanaugh voter is voting straight Repub‚Ä¶ https://t.co/7WLTSPdjKN"
Tue Nov 06 15:47:18 +0000 2018,DamagedBttm,When @KamalaHarris @CoryBooker @JoeBiden and @SenGillibrand (Kirsten Gillibrand) announce their presidential bid to‚Ä¶ https://t.co/k4MLGcGLUf
Tue Nov 06 15:44:17 +0000 2018,bming5,"RT @ArseGrammatica: Andrew Cuomo - Governor
Kirsten Gillibrand - Senate
Yvette Clarke - House of Representatives
#ElectionDay 
#IVoted http‚Ä¶"
Tue Nov 06 15:43:00 +0000 2018,TheHectorVargas,@SPECNewsAlbany The next time Gillibrand does something on behalf of NYers will be the first time
Tue Nov 06 15:42:36 +0000 2018,BornaZorna,RT @BornaZorna: @SenGillibrand Liar Hoax Gillibrand Never Never Lifted Finger To Stop OBAMA From Outsourcing Middle Class Jobs After Housin‚Ä¶
Tue Nov 06 15:42:24 +0000 2018,BornaZorna,@SenGillibrand Liar Hoax Gillibrand Never Never Lifted Finger To Stop OBAMA From Outsourcing Middle Class Jobs Afte‚Ä¶ https://t.co/9qQoDoa7SV
Tue Nov 06 15:42:07 +0000 2018,connorobrienNH,"Nine of 13 SASC Democrats are on the ballot today:
Nelson
McCaskill
Gillibrand
Donnelly
Hirono
Kaine
King
Heinrich‚Ä¶ https://t.co/TYENz0TyXX"
Tue Nov 06 15:41:24 +0000 2018,warneagle,"@davidsonangmoh @Dude3000 @jblanx (To be clear, Gillibrand &gt;&gt;&gt; Klobuchar but she's probably not running)"
Tue Nov 06 15:40:21 +0000 2018,warneagle,@davidsonangmoh @Dude3000 @jblanx Idk what your threshold for young is but Gillibrand and Klobuchar are both good o‚Ä¶ https://t.co/gbqWlZmOO6
Tue Nov 06 15:39:26 +0000 2018,Rebecca9Ruth,@slone No sh*t. I just voted on the UWS in Manhattan. Waited 47 minutes and had to listen to 3 ‚ÄúProgressives‚Äù talk‚Ä¶ https://t.co/RDpmIOG3Do
Tue Nov 06 15:39:12 +0000 2018,NamedDogScott,"RT @MelissaAmour72: We‚Äôre always hearing about Elizabeth Warren, Kirsten Gillibrand, Kamala Harris. Nothing against any of them, but @amykl‚Ä¶"
Tue Nov 06 15:38:57 +0000 2018,murphy40404,"RT @Anncostanza1: #NewYork #VoteRED 
Gillibrand is a NUT an extreme left-wing Socialist who wants to 
#AbolishICE 
#NewJersey #VoteRED 
Bob‚Ä¶"
Tue Nov 06 15:37:21 +0000 2018,TrueTrumper,"RT @HikindDov: What do @SenGillibrand and @LouisFarrakhan have in common? Both attack #IranSanctions raucously on the same day.
DON'T VOTE‚Ä¶"
Tue Nov 06 15:36:18 +0000 2018,Anncostanza1,"#NewYork #VoteRED 
Gillibrand is a NUT an extreme left-wing Socialist who wants to 
#AbolishICE 
#NewJersey‚Ä¶ https://t.co/n8YXnOuQcc"
Tue Nov 06 15:35:52 +0000 2018,bolebrunch,make sure you vote today. i‚Äôm not telling you to vote for but cuomo is pretty cool and so is gillibrand.
Tue Nov 06 15:35:40 +0000 2018,paisleytears,"Soros gave to Claire McCaskill (MO), Bob Casey (PA), Amy Klobuchar (MN), Kirsten Gillibrand (NY), Jon Tester (Mont.‚Ä¶ https://t.co/o0uSuUPvr7"
Tue Nov 06 15:35:34 +0000 2018,arguin_diane,RT @kbari12: NEW YORK VOTERS! BEWARE of Democrat Names in other Party Columns!!! Vote STRAIGHT across Republican Be Careful!!!!!! #Election‚Ä¶
Tue Nov 06 15:33:10 +0000 2018,Shes_Ash,"We voted Dem down the ballot. Evn 4 Cuomo, Who we dont luv with, bt given the alternatives, he got our votes. Kirst‚Ä¶ https://t.co/BMIu7Zhat4"
Tue Nov 06 15:31:28 +0000 2018,InaXutWiddBenji,"RT @BenJealous: Proud to be endorsed by:
Barack Obama
Barbara Mikulski 
Ben Cardin
Bernie Sanders
Chris Van Hollen
Cory Booker
Elizabeth Wa‚Ä¶"
Tue Nov 06 15:29:33 +0000 2018,bbrosembert,You may be hearing names like Kirsten Gillibrand or Chele Farley! üó≥ü§îClick here for the rundown:‚Ä¶ https://t.co/RUAZT4ZlQW
Tue Nov 06 15:28:08 +0000 2018,WolfMaster4141,RT @CheleFarley: Two organizers of #WomensMarch2019 &amp; political allies of @SenGillibrand are anti-#Israel. Linda Sarsour has never apologiz‚Ä¶
Tue Nov 06 15:27:18 +0000 2018,Truth_Lighter,"RT @HikindDov: What do @SenGillibrand and @LouisFarrakhan have in common? Both attack #IranSanctions raucously on the same day.
DON'T VOTE‚Ä¶"
Tue Nov 06 15:25:42 +0000 2018,88_Charlotte_88,RT @kbari12: NEW YORK VOTERS! BEWARE of Democrat Names in other Party Columns!!! Vote STRAIGHT across Republican Be Careful!!!!!! #Election‚Ä¶
Tue Nov 06 15:24:39 +0000 2018,AstroReez,"RT @BenJealous: Proud to be endorsed by:
Barack Obama
Barbara Mikulski 
Ben Cardin
Bernie Sanders
Chris Van Hollen
Cory Booker
Elizabeth Wa‚Ä¶"
Tue Nov 06 15:24:31 +0000 2018,jitterbug212,RT @MarketUrbanism: Chuck Schumer and Kirsten Gillibrand should run for federal elected office so that they can exert some real power over‚Ä¶
Tue Nov 06 15:23:22 +0000 2018,MarketUrbanism,Chuck Schumer and Kirsten Gillibrand should run for federal elected office so that they can exert some real power o‚Ä¶ https://t.co/pp0WVnhTVY
Tue Nov 06 15:23:12 +0000 2018,AzVisigoth,RT @DynastyDanimal: @mandymendez90 @CheleFarley @SenGillibrand @Golfinggary5222 @kimusastrong @Truthseeker126 @MissErica112 @ArizonaKayte @‚Ä¶
Tue Nov 06 15:23:11 +0000 2018,JGWentworth6,"RT @ArseGrammatica: Andrew Cuomo - Governor
Kirsten Gillibrand - Senate
Yvette Clarke - House of Representatives
#ElectionDay 
#IVoted http‚Ä¶"
Tue Nov 06 15:23:03 +0000 2018,dovidtzvisorotz,"RT @HikindDov: What do @SenGillibrand and @LouisFarrakhan have in common? Both attack #IranSanctions raucously on the same day.
DON'T VOTE‚Ä¶"
Tue Nov 06 15:21:41 +0000 2018,RealGir20221950,RT @CheleFarley: Two organizers of #WomensMarch2019 &amp; political allies of @SenGillibrand are anti-#Israel. Linda Sarsour has never apologiz‚Ä¶
Tue Nov 06 15:21:22 +0000 2018,bennhoo,I just voted all RED! Voted against Cuomofia &amp; Gillibrand &amp; that makes my day! DOWN W/ SOCIALISM!
Tue Nov 06 15:21:19 +0000 2018,ArenasJoseLuis4,"RT @ArseGrammatica: Andrew Cuomo - Governor
Kirsten Gillibrand - Senate
Yvette Clarke - House of Representatives
#ElectionDay 
#IVoted http‚Ä¶"
Tue Nov 06 15:17:40 +0000 2018,briandroitcour,had no idea gillibrand was up for re√´lection
Tue Nov 06 15:14:59 +0000 2018,ArseGrammatica,"Andrew Cuomo - Governor
Kirsten Gillibrand - Senate
Yvette Clarke - House of Representatives
#ElectionDay 
#IVoted https://t.co/gMieYliaRE"
Tue Nov 06 15:12:25 +0000 2018,mn2az84,RT @CheleFarley: Two organizers of #WomensMarch2019 &amp; political allies of @SenGillibrand are anti-#Israel. Linda Sarsour has never apologiz‚Ä¶
Tue Nov 06 15:11:16 +0000 2018,frthalk,"RT @HikindDov: What do @SenGillibrand and @LouisFarrakhan have in common? Both attack #IranSanctions raucously on the same day.
DON'T VOTE‚Ä¶"
Tue Nov 06 15:10:46 +0000 2018,VORTEX1155,"And so did the Democrats LIE!
Remember Chuck Schumer, Kamala Harris, Kirsten Gillibrand, Elizabeth Warren, Nancy Pe‚Ä¶ https://t.co/RLEafDBgUX"
Tue Nov 06 15:09:34 +0000 2018,Chris_Diaz11,"@allisonlodato I think you mean Chele Farley, she‚Äôs the Republican candidate against Kristen Gillibrand for Senate.‚Ä¶ https://t.co/u52IgWW1nw"
Tue Nov 06 15:09:03 +0000 2018,venividivicki63,"RT @HikindDov: What do @SenGillibrand and @LouisFarrakhan have in common? Both attack #IranSanctions raucously on the same day.
DON'T VOTE‚Ä¶"
Tue Nov 06 15:07:05 +0000 2018,_YvonneBurton,"RT @ScottGreenfield: As a NY criminal defense lawyer, and someone concerned with constitutional rights and due process for the accused, Gil‚Ä¶"
Tue Nov 06 15:06:12 +0000 2018,AcroneAdvisors,Chele Farley over Christine Gillibrand...YES https://t.co/ARThy9adh9
Tue Nov 06 15:04:57 +0000 2018,marthadurham512,"RT @ScottGreenfield: As a NY criminal defense lawyer, and someone concerned with constitutional rights and due process for the accused, Gil‚Ä¶"
Tue Nov 06 15:04:32 +0000 2018,__Chandler,"I high key don‚Äôt wanna vote for Kirsten Gillibrand, but that‚Äôs a conversation for another day."
Tue Nov 06 14:59:59 +0000 2018,porthoethority,@simbazilla Fuck him we voting for Kristen Gillibrand in this bitch
Tue Nov 06 14:59:31 +0000 2018,AnastasiaG57,"RT @HikindDov: What do @SenGillibrand and @LouisFarrakhan have in common? Both attack #IranSanctions raucously on the same day.
DON'T VOTE‚Ä¶"
Tue Nov 06 14:58:38 +0000 2018,SenninSage,"Voted! #voted All Democrat straight down the line. Very satisfying. Didn't like voting for Gillibrand, but had no c‚Ä¶ https://t.co/bm2eddEdqS"
Tue Nov 06 14:55:46 +0000 2018,D1aneMontana,"@SenGillibrand Lost all respect for Kirsten Gillibrand during the Kavanaugh hearings, made worse by the recent char‚Ä¶ https://t.co/ltVe47fJ1J"
Tue Nov 06 14:55:13 +0000 2018,jarsulic,"RT @ScottGreenfield: As a NY criminal defense lawyer, and someone concerned with constitutional rights and due process for the accused, Gil‚Ä¶"
Tue Nov 06 14:54:00 +0000 2018,teecrafter,"@ScottGreenfield Nope, I'd never vote for Gillibrand.   Or Schumer either."
Tue Nov 06 14:53:19 +0000 2018,jadaamarieee,"RT @BenJealous: Proud to be endorsed by:
Barack Obama
Barbara Mikulski 
Ben Cardin
Bernie Sanders
Chris Van Hollen
Cory Booker
Elizabeth Wa‚Ä¶"
Tue Nov 06 14:49:13 +0000 2018,MYTQIN,"GILLIBRAND ANOTHER DEM WHO HAS FOUGHT TO HAVE OUR MONEY FUND PLANNED BUTCHERHOOD ,AND THEN HAVE P/B TO DONATE OUR M‚Ä¶ https://t.co/xgHVKRujFR"
Tue Nov 06 14:48:17 +0000 2018,NicholasLippa,Burke about to vote here at Seneca Cazenovia Senior Apartments. In a district where voters have said Higgins and Gi‚Ä¶ https://t.co/PoPPgC1ry2
Tue Nov 06 14:46:47 +0000 2018,jessefuchs,"My voting place is like 10x more crowded than I‚Äôve ever seen it before, which is funny since other than the ballot‚Ä¶ https://t.co/ekpsF4KBCu"
Tue Nov 06 14:45:04 +0000 2018,zippypuke,@tripod287 @SenGillibrand What you're saying describes gillibrand exactly!
Tue Nov 06 14:43:30 +0000 2018,aircrafttest1,RT @CheleFarley: Two organizers of #WomensMarch2019 &amp; political allies of @SenGillibrand are anti-#Israel. Linda Sarsour has never apologiz‚Ä¶
Tue Nov 06 14:40:02 +0000 2018,rtbeliever,@realBlack_Trump Good. At least there are TWO votes against Gillibrand!
Tue Nov 06 14:39:52 +0000 2018,Markfrancis27o1,"RT @parscale: Gillibrand becomes first US Senator to call for ICE to be abolished 

Democrats want chaos, no borders, and the destruction o‚Ä¶"
Tue Nov 06 14:39:25 +0000 2018,yya5830,"RT @HikindDov: What do @SenGillibrand and @LouisFarrakhan have in common? Both attack #IranSanctions raucously on the same day.
DON'T VOTE‚Ä¶"
Tue Nov 06 14:34:19 +0000 2018,shaktischild,i voted this morning because i felt like it and i had the time. i voted today knowing full and well that Kirsten Gi‚Ä¶ https://t.co/HZQ4h26sZ5
Tue Nov 06 14:34:02 +0000 2018,julioturner1,"RT @BenJealous: Proud to be endorsed by:
Barack Obama
Barbara Mikulski 
Ben Cardin
Bernie Sanders
Chris Van Hollen
Cory Booker
Elizabeth Wa‚Ä¶"
Tue Nov 06 14:31:43 +0000 2018,JimPolk,RT @DynastyDanimal: @mandymendez90 @CheleFarley @SenGillibrand @Golfinggary5222 @kimusastrong @Truthseeker126 @MissErica112 @ArizonaKayte @‚Ä¶
Tue Nov 06 14:29:33 +0000 2018,mandymendez90,RT @DynastyDanimal: @mandymendez90 @CheleFarley @SenGillibrand @Golfinggary5222 @kimusastrong @Truthseeker126 @MissErica112 @ArizonaKayte @‚Ä¶
Tue Nov 06 14:28:52 +0000 2018,DailyPolls37,"Who do want to win the 2018 New York Senate Race? 
#ElectionDay #VoteTuesday #IVoted #MidtermElections2018 #GoVote‚Ä¶ https://t.co/tmq7QjyEJA"
Tue Nov 06 14:28:28 +0000 2018,GodisHere2day4U,RT @Yeshuaschildren: @thehill Kirstan Gillibrand really must look in a mirror and say those words before she states them in public. Talk ab‚Ä¶
Tue Nov 06 14:27:15 +0000 2018,bbusa617,RT @DynastyDanimal: @mandymendez90 @CheleFarley @SenGillibrand @Golfinggary5222 @kimusastrong @Truthseeker126 @MissErica112 @ArizonaKayte @‚Ä¶
Tue Nov 06 14:27:02 +0000 2018,elizabethminkel,"In this big blue city it's easy to feel like your vote doesn't really matter, but I'm grateful for the chance to vo‚Ä¶ https://t.co/68N3oWvOlp"
Tue Nov 06 14:26:38 +0000 2018,rogerww1,"RT @JDiii1210: #QAnon things are moving #anons 

Russian military expert arrested for treason but read article. Links to #NXIVM #HumanTraff‚Ä¶"
Tue Nov 06 14:23:51 +0000 2018,DynastyDanimal,@mandymendez90 @CheleFarley @SenGillibrand @Golfinggary5222 @kimusastrong @Truthseeker126 @MissErica112‚Ä¶ https://t.co/ZKw1ZSkcMm
Tue Nov 06 14:23:11 +0000 2018,ShawnaChelette,"RT @JDiii1210: #QAnon things are moving #anons 

Russian military expert arrested for treason but read article. Links to #NXIVM #HumanTraff‚Ä¶"
Tue Nov 06 14:21:10 +0000 2018,62Seabee,"My Little Town has many no show, no answer Positions, My New York State Governor Cuomo thinks it his privilege to i‚Ä¶ https://t.co/yyoTPqRm5c"
Tue Nov 06 14:20:50 +0000 2018,lcyys,"RT @HikindDov: What do @SenGillibrand and @LouisFarrakhan have in common? Both attack #IranSanctions raucously on the same day.
DON'T VOTE‚Ä¶"
Tue Nov 06 14:20:23 +0000 2018,LeeKeeling45,RT @kbari12: NEW YORK #Vote2018 #IVoted #ElectionDay #VoteToday ALERT!! There are DEMOCRATS listed under other parties!! Gillibrand is also‚Ä¶
Tue Nov 06 14:20:02 +0000 2018,nancygolliday,"RT @JDiii1210: #QAnon things are moving #anons 

Russian military expert arrested for treason but read article. Links to #NXIVM #HumanTraff‚Ä¶"
Tue Nov 06 14:19:51 +0000 2018,ckgirl67,"RT @JDiii1210: #QAnon things are moving #anons 

Russian military expert arrested for treason but read article. Links to #NXIVM #HumanTraff‚Ä¶"
Tue Nov 06 14:18:20 +0000 2018,indydee,RT @kbari12: NEW YORK #Vote2018 #IVoted #ElectionDay #VoteToday ALERT!! There are DEMOCRATS listed under other parties!! Gillibrand is also‚Ä¶
Tue Nov 06 14:18:11 +0000 2018,kbari12,RT @kbari12: NEW YORK VOTERS! BEWARE of Democrat Names in other Party Columns!!! Vote STRAIGHT across Republican Be Careful!!!!!! #Election‚Ä¶
Tue Nov 06 14:18:01 +0000 2018,WW3SSgt,@TheLastRefuge2 It's a shame here in NY Marc Molinaro and Chele Farley didn't get more media coverage. They are bot‚Ä¶ https://t.co/QJDLU7Nfke
Tue Nov 06 14:17:59 +0000 2018,BarbaraYanek,RT @kbari12: NEW YORK #Vote2018 #IVoted #ElectionDay #VoteToday ALERT!! There are DEMOCRATS listed under other parties!! Gillibrand is also‚Ä¶
Tue Nov 06 14:17:53 +0000 2018,rubylee21625873,"RT @HikindDov: What do @SenGillibrand and @LouisFarrakhan have in common? Both attack #IranSanctions raucously on the same day.
DON'T VOTE‚Ä¶"
Tue Nov 06 14:17:27 +0000 2018,CaylaDorsey,"RT @alyssaneilson: GAVIN NEWSOME (CA)
BETO O'ROURKE (TX)
ANDREW GILLUM (FL)
STACEY ABRAMS (GA)
KIRSTEN GILLIBRAND (NY)
#vote #ElectionDay"
Tue Nov 06 14:17:16 +0000 2018,DanRidgway3,"RT @JDiii1210: #QAnon things are moving #anons 

Russian military expert arrested for treason but read article. Links to #NXIVM #HumanTraff‚Ä¶"
Tue Nov 06 14:16:25 +0000 2018,JDiii1210,"#QAnon things are moving #anons 

Russian military expert arrested for treason but read article. Links to #NXIVM‚Ä¶ https://t.co/lksBhqQuwS"
Tue Nov 06 14:14:47 +0000 2018,AllergicToCNN,"KIRSTEN GILLIBRAND
KISSES LINDA SARSOUR'S ASS! AMERICA &amp;THE U.S. SENATE ARE NO PLACE FOR FARRAKHAN ADORING ANTI-SEM‚Ä¶ https://t.co/21qPRMa9bk"
Tue Nov 06 14:13:07 +0000 2018,simkowitz19,"RT @HikindDov: What do @SenGillibrand and @LouisFarrakhan have in common? Both attack #IranSanctions raucously on the same day.
DON'T VOTE‚Ä¶"
Tue Nov 06 14:11:38 +0000 2018,JordanBrueckner,Reluctantly voted for Cuomo. Happily voted for Tish James and Kirsten Gillibrand.
Tue Nov 06 14:10:18 +0000 2018,odehyah,"Came out mostly to vote for MY Congressman- Hakeem Jeffries as well as Senator Kirsten Gillibrand, Assemblywoman Tr‚Ä¶ https://t.co/rQ8Xa9myut"
Tue Nov 06 14:09:49 +0000 2018,MichaelPodwill,RT @ballabon: Felt good voting for America's booming economy and in support of those who support our President's great friendship with Isra‚Ä¶
Tue Nov 06 14:07:51 +0000 2018,NotPeoriaMayor,"RT @ScottGreenfield: As a NY criminal defense lawyer, and someone concerned with constitutional rights and due process for the accused, Gil‚Ä¶"
Tue Nov 06 14:05:56 +0000 2018,siminy178,"@NYCMayor New York is full of real bad leaders 
Deblasio
Schumer
Gillibrand 
Cuomo America was never great 
Most co‚Ä¶ https://t.co/IuRgeVL60t"
Tue Nov 06 13:59:45 +0000 2018,handygal56,RT @cityheels: My daughter is a registered Dem voted in primary in Sept. she's definitely a Trump supporter &amp;throughout the Kavanaugh heari‚Ä¶
Tue Nov 06 13:59:27 +0000 2018,lidia_lidiadim,RT @kbari12: NEW YORK #Vote2018 #IVoted #ElectionDay #VoteToday ALERT!! There are DEMOCRATS listed under other parties!! Gillibrand is also‚Ä¶
Tue Nov 06 13:59:21 +0000 2018,ScottGreenfield,"As a NY criminal defense lawyer, and someone concerned with constitutional rights and due process for the accused,‚Ä¶ https://t.co/GUHSWiyjtB"
Tue Nov 06 13:58:20 +0000 2018,supergate12,@SenGillibrand Vote no show gillibrand OUT!  VOTE  @CheleFarley
Tue Nov 06 13:57:50 +0000 2018,KarmaSQuirrel17,RT @kbari12: NEW YORK #Vote2018 #IVoted #ElectionDay #VoteToday ALERT!! There are DEMOCRATS listed under other parties!! Gillibrand is also‚Ä¶
Tue Nov 06 13:57:20 +0000 2018,home_wtf,"RT @HikindDov: What do @SenGillibrand and @LouisFarrakhan have in common? Both attack #IranSanctions raucously on the same day.
DON'T VOTE‚Ä¶"
Tue Nov 06 13:56:59 +0000 2018,DJTagainin2020,RT @kbari12: NEW YORK #Vote2018 #IVoted #ElectionDay #VoteToday ALERT!! There are DEMOCRATS listed under other parties!! Gillibrand is also‚Ä¶
Tue Nov 06 13:56:16 +0000 2018,kbari12,NEW YORK #Vote2018 #IVoted #ElectionDay #VoteToday ALERT!! There are DEMOCRATS listed under other parties!! Gillibr‚Ä¶ https://t.co/Qh3jwhof9s
Tue Nov 06 13:55:58 +0000 2018,murphy40404,"RT @HikindDov: What do @SenGillibrand and @LouisFarrakhan have in common? Both attack #IranSanctions raucously on the same day.
DON'T VOTE‚Ä¶"
Tue Nov 06 13:55:42 +0000 2018,rm1evo,RT @ItsMoi_Merry: @rm1evo @RepTenney @CheleFarley @LarrySharpe I can‚Äôt decide who I want to lose the most. Is it @NYGovCuomo @SenGillibrand‚Ä¶
Tue Nov 06 13:54:19 +0000 2018,AngRuffolo,"RT @HikindDov: What do @SenGillibrand and @LouisFarrakhan have in common? Both attack #IranSanctions raucously on the same day.
DON'T VOTE‚Ä¶"
Tue Nov 06 13:52:28 +0000 2018,ken_eichler,@Fuctupmind @MonaFishman As a former Dem of over 40 years I just cast my vote against all of them.  Hope to see Gil‚Ä¶ https://t.co/aGbsYEPsrP
Tue Nov 06 13:52:24 +0000 2018,BaltoChick,"RT @BenJealous: Proud to be endorsed by:
Barack Obama
Barbara Mikulski 
Ben Cardin
Bernie Sanders
Chris Van Hollen
Cory Booker
Elizabeth Wa‚Ä¶"
Tue Nov 06 13:52:22 +0000 2018,hopefor_america,"RT @HikindDov: What do @SenGillibrand and @LouisFarrakhan have in common? Both attack #IranSanctions raucously on the same day.
DON'T VOTE‚Ä¶"
Tue Nov 06 13:52:00 +0000 2018,playnogamespls,"RT @HikindDov: What do @SenGillibrand and @LouisFarrakhan have in common? Both attack #IranSanctions raucously on the same day.
DON'T VOTE‚Ä¶"
Tue Nov 06 13:50:29 +0000 2018,727Hummingbird,RT @LochTheScot: @UniteVoteRed @Kacy10000 @CheleFarley VIDEO: Anti-Israel Activist Linda Sarsour Says Sen. Kirsten Gillibrand ‚ÄòWorks For Us‚Ä¶
Tue Nov 06 13:49:11 +0000 2018,Jamie74467226,"RT @HikindDov: What do @SenGillibrand and @LouisFarrakhan have in common? Both attack #IranSanctions raucously on the same day.
DON'T VOTE‚Ä¶"
Tue Nov 06 13:48:57 +0000 2018,cityheels,My daughter is a registered Dem voted in primary in Sept. she's definitely a Trump supporter &amp;throughout the Kavana‚Ä¶ https://t.co/01lsmqAPyz
Tue Nov 06 13:48:37 +0000 2018,DTROYW63,"RT @HikindDov: What do @SenGillibrand and @LouisFarrakhan have in common? Both attack #IranSanctions raucously on the same day.
DON'T VOTE‚Ä¶"
Tue Nov 06 13:47:56 +0000 2018,b5ranger1,@DrMartyFox @IsraelUSAforevr @realDonaldTrump I'm embarrassed this pile of üí©is my senator. He has no morals or ethi‚Ä¶ https://t.co/G3Kvm7S12w
Tue Nov 06 13:47:14 +0000 2018,moeursalen,RT @CheleFarley: Two organizers of #WomensMarch2019 &amp; political allies of @SenGillibrand are anti-#Israel. Linda Sarsour has never apologiz‚Ä¶
Tue Nov 06 13:46:08 +0000 2018,FrankelJeremy,"RT @HikindDov: What do @SenGillibrand and @LouisFarrakhan have in common? Both attack #IranSanctions raucously on the same day.
DON'T VOTE‚Ä¶"
Tue Nov 06 13:44:30 +0000 2018,FreeNYer2016,"RT @HikindDov: What do @SenGillibrand and @LouisFarrakhan have in common? Both attack #IranSanctions raucously on the same day.
DON'T VOTE‚Ä¶"
Tue Nov 06 13:43:46 +0000 2018,besimche101,"RT @HikindDov: What do @SenGillibrand and @LouisFarrakhan have in common? Both attack #IranSanctions raucously on the same day.
DON'T VOTE‚Ä¶"
Tue Nov 06 13:43:37 +0000 2018,hoosierscholar7,David Axelrod: Democrats Are Walking Into Trump‚Äôs Trap https://t.co/o1pQ1TGXxS via @politicomag
Tue Nov 06 13:43:08 +0000 2018,jgreenberg927,RT @HikindDov: https://t.co/n3wyFshlLE
Tue Nov 06 13:42:48 +0000 2018,LivingInTelAviv,"RT @HikindDov: What do @SenGillibrand and @LouisFarrakhan have in common? Both attack #IranSanctions raucously on the same day.
DON'T VOTE‚Ä¶"
Tue Nov 06 13:41:52 +0000 2018,leonora_ruybal,"RT @HikindDov: What do @SenGillibrand and @LouisFarrakhan have in common? Both attack #IranSanctions raucously on the same day.
DON'T VOTE‚Ä¶"
Tue Nov 06 13:41:10 +0000 2018,Violet_Nightt,"RT @HikindDov: What do @SenGillibrand and @LouisFarrakhan have in common? Both attack #IranSanctions raucously on the same day.
DON'T VOTE‚Ä¶"
Tue Nov 06 13:40:56 +0000 2018,Texasexpatriate,"RT @HikindDov: What do @SenGillibrand and @LouisFarrakhan have in common? Both attack #IranSanctions raucously on the same day.
DON'T VOTE‚Ä¶"
Tue Nov 06 13:40:41 +0000 2018,rocksolidfight,"RT @HikindDov: What do @SenGillibrand and @LouisFarrakhan have in common? Both attack #IranSanctions raucously on the same day.
DON'T VOTE‚Ä¶"
Tue Nov 06 13:40:36 +0000 2018,changeisneeded_,"RT @HikindDov: What do @SenGillibrand and @LouisFarrakhan have in common? Both attack #IranSanctions raucously on the same day.
DON'T VOTE‚Ä¶"
Tue Nov 06 13:40:20 +0000 2018,newblueglasses,@kateo @angryretweets @summerbrennan @colsonwhitehead Yes! Votes go to the candidate no matter what. So feel free t‚Ä¶ https://t.co/oDjxRv72qd
Tue Nov 06 13:39:57 +0000 2018,GPSSilverBirch,There was lots of excitement today with the children knowing they would be doing Judo again @Gillibrand_Sch https://t.co/o5QwQ29Nsf
Tue Nov 06 13:39:43 +0000 2018,poison4u2get,"RT @HikindDov: What do @SenGillibrand and @LouisFarrakhan have in common? Both attack #IranSanctions raucously on the same day.
DON'T VOTE‚Ä¶"
Tue Nov 06 13:38:46 +0000 2018,SaraLiPera,@SenGillibrand You got my vote #Gillibrand #VoteDem #BlueWave
Tue Nov 06 13:38:41 +0000 2018,hhheomn1,RT @HikindDov: https://t.co/n3wyFshlLE
Tue Nov 06 13:38:05 +0000 2018,tracy_texas6,"RT @HikindDov: What do @SenGillibrand and @LouisFarrakhan have in common? Both attack #IranSanctions raucously on the same day.
DON'T VOTE‚Ä¶"
Tue Nov 06 13:37:56 +0000 2018,megbrod12,Left my phone at home so no selfie until tonight but voting for Gillibrand and Biaggi this morning was üíØ
Tue Nov 06 13:37:40 +0000 2018,WIRELESSLORD,"RT @HikindDov: What do @SenGillibrand and @LouisFarrakhan have in common? Both attack #IranSanctions raucously on the same day.
DON'T VOTE‚Ä¶"
Tue Nov 06 13:37:21 +0000 2018,Cathy73337919,@SenGillibrand Feeling the heat Gillibrand?  Vote every sorry democrat out of office!!!!!
Tue Nov 06 13:37:16 +0000 2018,indianadoglover,RT @CheleFarley: Two organizers of #WomensMarch2019 &amp; political allies of @SenGillibrand are anti-#Israel. Linda Sarsour has never apologiz‚Ä¶
Tue Nov 06 13:36:51 +0000 2018,HikindDov,https://t.co/n3wyFshlLE
Tue Nov 06 13:36:47 +0000 2018,MoeRay5779,"RT @HikindDov: What do @SenGillibrand and @LouisFarrakhan have in common? Both attack #IranSanctions raucously on the same day.
DON'T VOTE‚Ä¶"
Tue Nov 06 13:36:20 +0000 2018,mattya5419,@CheleFarley GOOD LUCK MY FAMILY &amp; I VOTED FOR YOU &amp; RED STRAIGHT TICKET. WE DESPERATELY NEED YOU TO DRAIN THE THE‚Ä¶ https://t.co/kc1KShvYeB
Tue Nov 06 13:34:37 +0000 2018,mtbackpackrk,"RT @mtbackpackrk: @SenGillibrand @realDonaldTrump Wrong Gillibrand, USA is a place for Talented LEGAL Immigrants that can help our country,‚Ä¶"
Tue Nov 06 13:34:22 +0000 2018,HikindDov,"What do @SenGillibrand and @LouisFarrakhan have in common? Both attack #IranSanctions raucously on the same day.
DO‚Ä¶ https://t.co/o0wYMFsun4"
Tue Nov 06 13:33:57 +0000 2018,mgilliga,@sukanya @JennLahmers You know what I noticed today. I don‚Äôt remember many political commercials for Gillibrand(sp?‚Ä¶ https://t.co/A0kb2W8VgF
Tue Nov 06 13:33:31 +0000 2018,SilverHeartDem,@SenGillibrand I just voted for you Senator Gillibrand
Tue Nov 06 13:28:50 +0000 2018,hopefloats0209,@SenGillibrand @MitranoForNY23 Vote Gillibrand out! #stopelderabuse
Tue Nov 06 13:28:49 +0000 2018,BobAMinion,"RT @BenJealous: Proud to be endorsed by:
Barack Obama
Barbara Mikulski 
Ben Cardin
Bernie Sanders
Chris Van Hollen
Cory Booker
Elizabeth Wa‚Ä¶"
Tue Nov 06 13:27:32 +0000 2018,hopefloats0209,@SenGillibrand Please do not vote for Kirsten Gillibrand. She does not support our elderly. Look at her own family. #stopelderabuse
Tue Nov 06 13:25:37 +0000 2018,NWoftheCity,RT @GIJane4Trump: @RealCandaceO @realDonaldTrump Someone needs to get a statement from Kirsten Gillibrand from NY &amp; Mazie Hirono from HI ab‚Ä¶
Tue Nov 06 13:25:34 +0000 2018,RobertTodd2017,RT @ballabon: Felt good voting for America's booming economy and in support of those who support our President's great friendship with Isra‚Ä¶
Tue Nov 06 13:25:32 +0000 2018,PaganParish,Kirsten E. Gillibrand: Clean up space debris to make space a better place and save future space travel - Sign the P‚Ä¶ https://t.co/ikG3XM97U4
Tue Nov 06 13:24:11 +0000 2018,dagostino_diane,@RealCandaceO @realDonaldTrump I'm going soon. Straight republican.. NYC lady wants Cuomo and gillibrand out!!
Tue Nov 06 13:22:19 +0000 2018,marthaj44,"RT @MelissaAmour72: We‚Äôre always hearing about Elizabeth Warren, Kirsten Gillibrand, Kamala Harris. Nothing against any of them, but @amykl‚Ä¶"
Tue Nov 06 13:21:40 +0000 2018,JMilliron13,@RealCandaceO @realDonaldTrump Someone needs to get a statement from Kirsten Gillibrand from NY &amp; Mazie Hirono from‚Ä¶ https://t.co/qBtJ4OQM8R
Tue Nov 06 13:18:13 +0000 2018,Chloe2229Cleery,"RT @jmdonsi: Where are senators Harris, feinstein and gillibrand apology to judge kavanaugh now that accusers have admitted making up the r‚Ä¶"
Tue Nov 06 13:17:37 +0000 2018,khhollings,"RT @khhollings: #ElectionDay‚Å† ‚Å† 
üëçüèæ Max Rose for Congress
 .@MaxRose4NY 
üëçüèæ Kirsten Gillibrand for Senate
 .@SenGillibrand https://t.co/LsT‚Ä¶"
Tue Nov 06 13:17:23 +0000 2018,khhollings,"#ElectionDay‚Å† ‚Å† 
üëçüèæ Max Rose for Congress
 .@MaxRose4NY 
üëçüèæ Kirsten Gillibrand for Senate
 .@SenGillibrand https://t.co/LsTqt1qI9j"
Tue Nov 06 13:17:23 +0000 2018,catiecate7,"RT @jmdonsi: Where are senators Harris, feinstein and gillibrand apology to judge kavanaugh now that accusers have admitted making up the r‚Ä¶"
Tue Nov 06 13:16:07 +0000 2018,ItsMoi_Merry,@rm1evo @RepTenney @CheleFarley @LarrySharpe I can‚Äôt decide who I want to lose the most. Is it @NYGovCuomo‚Ä¶ https://t.co/HkI5qJyf2t
Tue Nov 06 13:13:07 +0000 2018,hartmari,VOTE TODAY. https://t.co/1qnVjqe1rc
Tue Nov 06 13:11:58 +0000 2018,kjfkugkujvj,"@TheAtlantic Kirsten Gillibrand,  Kamala Harris,  Lyin' Lizzie Warren and other Democrats DEMANDED that ICE be Abol‚Ä¶ https://t.co/TvaGY9uPot"
Tue Nov 06 13:09:47 +0000 2018,Tennisfan1963,I liked a @YouTube video https://t.co/TtfyuvMow3 Senate Debate between NY Sen. Kirsten Gillibrand and Chele Farley
Tue Nov 06 13:05:26 +0000 2018,stoikko,"Walk into the polls today like ""hello one Gillibrand please."""
Tue Nov 06 13:05:21 +0000 2018,Tennisfan1963,I liked a @YouTube video https://t.co/bzJy40npFn Gillibrand hasn‚Äôt done anything for New York: Senate candidate Chele Farley
Tue Nov 06 13:01:37 +0000 2018,Vote_Blue_2018_,"@SenGillibrand Just be aware Gillibrand keeps half of your donation.
Go straight to Mccaskill's donation site if yo‚Ä¶ https://t.co/tjLQccPwut"
Tue Nov 06 12:59:34 +0000 2018,Erntek,In NY it's time to dump Gillibrand and vote in Chele Farley (R) for US senate https://t.co/o1QCv6D88u
Tue Nov 06 12:58:49 +0000 2018,JoeCavaliere1,Y would anyone vote for Kristin Gillibrand is beyond me. She showed me nothing during the Kavanaugh hearings. She s‚Ä¶ https://t.co/64J9NKuiyA
Tue Nov 06 12:57:28 +0000 2018,marsco22,"RT @BenJealous: Proud to be endorsed by:
Barack Obama
Barbara Mikulski 
Ben Cardin
Bernie Sanders
Chris Van Hollen
Cory Booker
Elizabeth Wa‚Ä¶"
Tue Nov 06 12:54:31 +0000 2018,GHBurnsCFA,@CGrantWSJ ‚ÄúIf I hadn‚Äôt voted then Kirsten Gillibrand would have only won by 30 points!‚Äù
Tue Nov 06 12:53:09 +0000 2018,avalanch_brkdwn,@SenGillibrand Kristen Gillibrand is nothing but a #MeToo extremist looking to open our borders to invaders and usi‚Ä¶ https://t.co/5hm2ZWwxap
Tue Nov 06 12:53:08 +0000 2018,Gormogons,"@ArmatusRebellio @DeebsFLA GP No one expects New York to elect Republicans. Heck, we're going to reelect Vampira Gi‚Ä¶ https://t.co/ReWc1LI9IC"
Tue Nov 06 12:52:47 +0000 2018,tvigy2,RT @ballabon: Felt good voting for America's booming economy and in support of those who support our President's great friendship with Isra‚Ä¶
Tue Nov 06 12:51:09 +0000 2018,tjginnynm,@lilbulli1031 @ROCKONOHIO @marcmolinaro Kirsten Gillibrand is a Puppet Of Chuckie ü§°
Tue Nov 06 12:50:04 +0000 2018,mtma2indonesia,"https://t.co/zSPdoN3CnM

where am i registered to vote
find my polling place
my polling place
voting day 2018
votin‚Ä¶ https://t.co/RXpKOZB1WA"
Tue Nov 06 12:50:01 +0000 2018,mtma2indonesia,"https://t.co/zSPdoN3CnM

michigan proposal 2
debbie stabenow
bill schuette
kirsten gillibrand
how to vote
election‚Ä¶ https://t.co/0HCafNk0qA"
Tue Nov 06 12:47:28 +0000 2018,PaulaCassarino,RT @JennPlayTheGame: @Fuctupmind Cuomo is the worst!!! Gillibrand sucks both of them keep selling out NY for ‚Äúfree‚Äùrides to the presidency‚Ä¶
Tue Nov 06 12:45:05 +0000 2018,haivri,RT @ballabon: Felt good voting for America's booming economy and in support of those who support our President's great friendship with Isra‚Ä¶
Tue Nov 06 12:44:36 +0000 2018,ballabon,Felt good voting for America's booming economy and in support of those who support our President's great friendship‚Ä¶ https://t.co/7072flv0rj
Tue Nov 06 12:43:55 +0000 2018,sthoran28,@SenGillibrand I WILL BE VOTING FOR FARLEY VOTE GILLIBRAND OUT
Tue Nov 06 12:40:06 +0000 2018,MustacheChuck,"RT @jmdonsi: Where are senators Harris, feinstein and gillibrand apology to judge kavanaugh now that accusers have admitted making up the r‚Ä¶"
Tue Nov 06 12:38:55 +0000 2018,baeck,"@RampCapitalLLC Half the country probably couldn‚Äôt even tell you who Klobuchar, Harris, or Gillibrand are."
Tue Nov 06 12:37:54 +0000 2018,JazzBassJohn,"@ChamsPines Schumer. As a NY taxpayer, I think he, Gillibrand and Cuomo are not assets to the state. Can‚Äôt wait to‚Ä¶ https://t.co/hcDnAXwaum"
Tue Nov 06 12:29:18 +0000 2018,JennPlayTheGame,@Fuctupmind Cuomo is the worst!!! Gillibrand sucks both of them keep selling out NY for ‚Äúfree‚Äùrides to the presiden‚Ä¶ https://t.co/u5cQ21Dili
Tue Nov 06 12:22:21 +0000 2018,dennypeters,Klein: Five Reasons Sen. Kirsten Gillibrand is Dangerous for Israel https://t.co/RRNFTTeNDC
Tue Nov 06 12:22:16 +0000 2018,jmdonsi,"Where are senators Harris, feinstein and gillibrand apology to judge kavanaugh now that accusers have admitted maki‚Ä¶ https://t.co/yFq17PEo7W"
Tue Nov 06 12:21:00 +0000 2018,willtjjunior,"New York, we have a better choice than Do Nothing GIllibrand. Vote Chele Farley for U.S. Senate! Find your polling‚Ä¶ https://t.co/aQCrzdJL5g"
Tue Nov 06 12:19:03 +0000 2018,figment3157,@dbongino and @CheleFarley  in  Ny    Gillibrand has to go !!
Tue Nov 06 12:18:08 +0000 2018,FanBeansforme2,RT @CheleFarley: Two organizers of #WomensMarch2019 &amp; political allies of @SenGillibrand are anti-#Israel. Linda Sarsour has never apologiz‚Ä¶
Tue Nov 06 12:09:01 +0000 2018,NorenforSenate,@GabrielleMediak You lose if Gillibrand wins. 14 bills 9 Post Office renamings &amp; 5 Senate versions of someone else'‚Ä¶ https://t.co/g6kY2kfXtu
Tue Nov 06 12:05:04 +0000 2018,zionist12,"#ElectionDay Calling all NY! VOTE @CheleFarley IN, &amp; @SenGillibrand OUT! @DelgadoforNY19 NO -- @JohnFasoNy YES!‚Ä¶ https://t.co/OK3OlXTFC2"
Tue Nov 06 12:03:05 +0000 2018,TPP_of_Suffolk,"Dear Lord, hear my prayer
Gillibrand MUST GO
Amen https://t.co/xHHCyC80RE"
Tue Nov 06 12:01:18 +0000 2018,EMPIREREPORTNY,"2020: GILLIBRAND, HILLARY POLLING AHEAD OF TRUMP... https://t.co/Ufn2AnqdeU https://t.co/TFbT42Q6o9"
Tue Nov 06 11:45:34 +0000 2018,Devilyn96,"RT @ULoveTashi: New Yorkers tomorrow vote for Andrew Cuomo &amp; Kathy C Hochul.  Thomas dinapoli for comptroller, Letitia James for attorney g‚Ä¶"
Tue Nov 06 11:40:01 +0000 2018,Libertywins1776,Just voted‚ùóüñ§üá∫üá∏‚òë‚û° @LarrySharpe  #Sharpe4Gov.‚òë Cuomo needs2go!üèÉ&amp;  @CheleFarley #Farley4NY‚òë ‚û°Kirsten Gillibrand is a r‚Ä¶ https://t.co/wzMheThodw
Tue Nov 06 11:32:46 +0000 2018,JoeWhit98049019,Gillibrand: Republicans are 'bullying' a woman https://t.co/LiiGvDAVK1 via @YouTube. They lied
Tue Nov 06 11:29:52 +0000 2018,JoeWhit98049019,Senator Kirsten Gillibrand: I Believe Brett Kavanaugh's Accuser | All In... https://t.co/3vZ3G66WWW via @YouTube. Hey Dumbass! They lied
Tue Nov 06 11:22:21 +0000 2018,CoCoRae_,"RT @BenJealous: Proud to be endorsed by:
Barack Obama
Barbara Mikulski 
Ben Cardin
Bernie Sanders
Chris Van Hollen
Cory Booker
Elizabeth Wa‚Ä¶"
Tue Nov 06 11:19:28 +0000 2018,eshteraki,ÿ±ÿß€å ÿßÿπÿ™ÿ±ÿßÿ∂€å ŸÖÿß ⁄©ÿßŸÜÿØ€åÿØÿß€å ÿ≥ÿ®ÿ≤Ÿáÿß ÿ¢€å Howie Howkins Ÿà €åÿßÿ± ÿ®ÿßŸàŸÅÿß€åÿ¥ ÿ®ÿ±ÿß€å ŸÅÿ±ŸÖÿßŸÜÿØÿßÿ± Ÿà ŸÖÿπÿßŸàŸÜ ŸÅÿ±ŸÖÿßŸÜÿØÿßÿ± ÿß€åÿßŸÑÿ™€å ÿÆŸàÿßŸáÿØ ÿ®ŸàÿØ. ÿ®ŸÇ€åŸá‚Ä¶ https://t.co/DuYaVxtXQt
Tue Nov 06 11:18:41 +0000 2018,Truth_Lighter,"RT @HikindDov: Where did this story go?  &gt; Dov Hikind a Democratic Jew said Today he is shocked   
FOR SHAME: Senator Gillibrand Insults Or‚Ä¶"
Tue Nov 06 11:18:30 +0000 2018,CandleOfHope77,"RT @i24NEWS_EN: Kirsten Gillibrand has turned her back on #Israel by associating with Linda Sarsour, @CheleFarley tells @MichelleMakori: ht‚Ä¶"
Tue Nov 06 11:08:58 +0000 2018,tillysbrae,"@bubbagump324 So glad you mentioned this. What is it with the bleach blond, hair straightened, perma smile, whitey‚Ä¶ https://t.co/oWJsG4PXD4"
Tue Nov 06 11:00:29 +0000 2018,DrMolecules,"RT @BenJealous: Proud to be endorsed by:
Barack Obama
Barbara Mikulski 
Ben Cardin
Bernie Sanders
Chris Van Hollen
Cory Booker
Elizabeth Wa‚Ä¶"
Tue Nov 06 10:59:30 +0000 2018,MaslaviYolande,"RT @ballabon: NY Voters: If you assume Gillibrand is gonna win so your vote doesn't matter, think again. If you vote for her, win or lose,‚Ä¶"
Tue Nov 06 10:48:45 +0000 2018,mdriegler,"you‚Äôre not helping, either. https://t.co/xcvuuwFvzr"
Tue Nov 06 10:32:57 +0000 2018,GFragin,"RT @ballabon: NY Voters: If you assume Gillibrand is gonna win so your vote doesn't matter, think again. If you vote for her, win or lose,‚Ä¶"
Tue Nov 06 10:30:54 +0000 2018,rjmangus,#FiveThirtyEight latest #polls updated throughout day In my home-state of #NewYork #Governor #candidate‚Ä¶ https://t.co/7fTdQFw4Rk
Tue Nov 06 10:19:09 +0000 2018,NickReisman,Democrats Focus on Down-Ballot Races https://t.co/EcuL0B9GaV
Tue Nov 06 10:14:36 +0000 2018,CDDLiberty11,RT @CheleFarley: Two organizers of #WomensMarch2019 &amp; political allies of @SenGillibrand are anti-#Israel. Linda Sarsour has never apologiz‚Ä¶
Tue Nov 06 10:14:32 +0000 2018,RichReps,"Kirsten Gillibrand (D-NY) had an approximate net worth of $291,002 in 2012."
Tue Nov 06 10:13:33 +0000 2018,mdpaniccia,RT @mdpaniccia: Do nothing Gillibrand must go. Elect @CheleFarley for Senate https://t.co/0w57vDjPRj
Tue Nov 06 10:09:48 +0000 2018,joe_seeman,"In NY please vote Row E, Working Families Party, for candidates like
Andrew Cuomo, Kathy Hochul, Tom DiNapoli, Tish‚Ä¶ https://t.co/Vkfae9x1xr"
Tue Nov 06 10:08:19 +0000 2018,mdpaniccia,Do nothing Gillibrand must go. Elect @CheleFarley for Senate https://t.co/0w57vDjPRj
Tue Nov 06 10:04:10 +0000 2018,YsanRoche,We‚Äôve Entered the Age of Dog Whistles for Sexism https://t.co/qZYtrcxBp8
Tue Nov 06 09:52:20 +0000 2018,savemain_st,"RT @BenJealous: Proud to be endorsed by:
Barack Obama
Barbara Mikulski 
Ben Cardin
Bernie Sanders
Chris Van Hollen
Cory Booker
Elizabeth Wa‚Ä¶"
Tue Nov 06 09:46:16 +0000 2018,akasha2458,"RT @BenJealous: Proud to be endorsed by:
Barack Obama
Barbara Mikulski 
Ben Cardin
Bernie Sanders
Chris Van Hollen
Cory Booker
Elizabeth Wa‚Ä¶"
Tue Nov 06 09:43:33 +0000 2018,Supmandude,"RT @BenJealous: Proud to be endorsed by:
Barack Obama
Barbara Mikulski 
Ben Cardin
Bernie Sanders
Chris Van Hollen
Cory Booker
Elizabeth Wa‚Ä¶"
Tue Nov 06 09:39:57 +0000 2018,sdsyl659,"RT @lemonchronicle: @lilbulli1031 @SenGillibrand @CheleFarley Gillibrand with family ties to sex cult, New York your that far gone"
Tue Nov 06 09:33:38 +0000 2018,MikeHwrdfla,David Axelrod: Democrats Are Walking Into Trump‚Äôs Trap https://t.co/q6Eeoq47Dk via @politicomag
Tue Nov 06 09:31:06 +0000 2018,EatoMichael,"Please vote today...Governor Andrew Cuomo
Lt. Governor Kathy Hochul....Attorney General Tish James...State Comptrol‚Ä¶ https://t.co/EwAPTmTD0w"
Tue Nov 06 09:28:01 +0000 2018,QVargr,"@JohnCooper0610 What did you expect from the state that elected Hillary, Schumer and Gillibrand... https://t.co/3b0TywD5l7"
Tue Nov 06 09:26:46 +0000 2018,XXXPleasure01,RT @Dave_Freeze: Former New York City Mayor Rudy Giuliani on Monday endorsed Republican U.S. Senate candidate Chele Farley in her bid to un‚Ä¶
Tue Nov 06 09:25:17 +0000 2018,XXXPleasure01,RT @AnnaBD20: #Midterms2018 Rep Chele Farley demands Dem Sen Kirsten Gillibrand return money from Firm led by longtime Harvey Weinstein Con‚Ä¶
Tue Nov 06 09:20:41 +0000 2018,XXXPleasure01,"RT @Breeze_Luvr: Support #NewYork Chele Farley (R, C, Reform) in her bid to unseat incumbent Senator Kirsten Gillibrand for the US Senate‚Ä¶"
Tue Nov 06 09:14:04 +0000 2018,hankgolfer,"RT @kwilli1046: Dem Sen Gillibrand: Trump‚Äôs ‚ÄòValues Don‚Äôt Line Up with Most Americans‚Äô - Breitbart

Trump is pro-life, pro-constitution, pr‚Ä¶"
Tue Nov 06 09:07:14 +0000 2018,sillemap,"RT @kwilli1046: Dem Sen Gillibrand: Trump‚Äôs ‚ÄòValues Don‚Äôt Line Up with Most Americans‚Äô - Breitbart

Trump is pro-life, pro-constitution, pr‚Ä¶"
Tue Nov 06 09:02:25 +0000 2018,ragstorm,"@LauraLoomer @staceyabrams @BrianKempGA #Sarsour also supports #Gillibrand from NYS..

Let's #VoteRedToSaveAmerica"
Tue Nov 06 08:52:16 +0000 2018,SugengHaryono70,RT @CheleFarley: Two organizers of #WomensMarch2019 &amp; political allies of @SenGillibrand are anti-#Israel. Linda Sarsour has never apologiz‚Ä¶
Tue Nov 06 08:49:41 +0000 2018,rickbkylex,"RT @kwilli1046: Dem Sen Gillibrand: Trump‚Äôs ‚ÄòValues Don‚Äôt Line Up with Most Americans‚Äô - Breitbart

Trump is pro-life, pro-constitution, pr‚Ä¶"
Tue Nov 06 08:46:06 +0000 2018,zionism1948,RT @DanielCellamare: Come out and vote for Chele Farley your next Senator of NY tax break for renters will pressure President Trump to rein‚Ä¶
Tue Nov 06 08:44:20 +0000 2018,Surreal0222,RT @DanielCellamare: Come out and vote for Chele Farley your next Senator of NY tax break for renters will pressure President Trump to rein‚Ä¶
Tue Nov 06 08:34:15 +0000 2018,moveover4me2,"@SenGillibrand 
Go Kirsten Gillibrand
Vote Blue NY https://t.co/eIciL0tWQE"
Tue Nov 06 08:20:06 +0000 2018,johnsoncp3j96,@savingfilm @notcapnamerica Hell no. Not gillibrand üôÖüèæüôÖüèæüôÖüèæ
Tue Nov 06 08:17:58 +0000 2018,OYLWELL1,NXIVM love story: Kirsten Gillibrand‚Äôs father and stepmother fell in love because of sex slaver cult https://t.co/hDv9KcBL9J
Tue Nov 06 08:12:31 +0000 2018,mikeislive,"I think you should add NY, Gillibrand will lose. https://t.co/ugN6cohVvc"
Tue Nov 06 08:09:42 +0000 2018,Breeze_Luvr,"Support #NewYork Chele Farley (R, C, Reform) in her bid to unseat incumbent Senator Kirsten Gillibrand for the US S‚Ä¶ https://t.co/DUyCyCskTy"
Tue Nov 06 07:56:32 +0000 2018,Z410S,"RT @BenJealous: Proud to be endorsed by:
Barack Obama
Barbara Mikulski 
Ben Cardin
Bernie Sanders
Chris Van Hollen
Cory Booker
Elizabeth Wa‚Ä¶"
Tue Nov 06 07:54:27 +0000 2018,amarccaplan1,"RT @jdforward: ""'Where you go I will go, and where you stay I will stay. Your people will be my people and your God my God.' Ruth spoke the‚Ä¶"
Tue Nov 06 07:45:05 +0000 2018,sngitau,"RT @BenJealous: Proud to be endorsed by:
Barack Obama
Barbara Mikulski 
Ben Cardin
Bernie Sanders
Chris Van Hollen
Cory Booker
Elizabeth Wa‚Ä¶"
Tue Nov 06 07:41:14 +0000 2018,SizeNineShoes,"RT @BenJealous: Proud to be endorsed by:
Barack Obama
Barbara Mikulski 
Ben Cardin
Bernie Sanders
Chris Van Hollen
Cory Booker
Elizabeth Wa‚Ä¶"
Tue Nov 06 07:12:19 +0000 2018,Iamonlyjp,"RT @BenJealous: Proud to be endorsed by:
Barack Obama
Barbara Mikulski 
Ben Cardin
Bernie Sanders
Chris Van Hollen
Cory Booker
Elizabeth Wa‚Ä¶"
Tue Nov 06 07:07:26 +0000 2018,LarryIsCoool,"RT @BenJealous: Proud to be endorsed by:
Barack Obama
Barbara Mikulski 
Ben Cardin
Bernie Sanders
Chris Van Hollen
Cory Booker
Elizabeth Wa‚Ä¶"
Tue Nov 06 07:06:33 +0000 2018,beveridge,RT @CheleFarley: Two organizers of #WomensMarch2019 &amp; political allies of @SenGillibrand are anti-#Israel. Linda Sarsour has never apologiz‚Ä¶
Tue Nov 06 07:03:04 +0000 2018,TexDem_Dkos,"RT @BenJealous: Proud to be endorsed by:
Barack Obama
Barbara Mikulski 
Ben Cardin
Bernie Sanders
Chris Van Hollen
Cory Booker
Elizabeth Wa‚Ä¶"
Tue Nov 06 06:54:37 +0000 2018,Ingkat2,"Kirsten gillibrand, the #METOO senator, her father, Doug rutnik has strong ties to a sex cult NXIVM. her nephew, Jo‚Ä¶ https://t.co/lvLzQyYQLT"
Tue Nov 06 06:53:45 +0000 2018,mrblackcat1069,"RT @BenJealous: Proud to be endorsed by:
Barack Obama
Barbara Mikulski 
Ben Cardin
Bernie Sanders
Chris Van Hollen
Cory Booker
Elizabeth Wa‚Ä¶"
Tue Nov 06 06:53:11 +0000 2018,gl0bal_tu,"RT @BenJealous: Proud to be endorsed by:
Barack Obama
Barbara Mikulski 
Ben Cardin
Bernie Sanders
Chris Van Hollen
Cory Booker
Elizabeth Wa‚Ä¶"
Tue Nov 06 06:50:19 +0000 2018,ranumpowerplay,"RT @BenJealous: Proud to be endorsed by:
Barack Obama
Barbara Mikulski 
Ben Cardin
Bernie Sanders
Chris Van Hollen
Cory Booker
Elizabeth Wa‚Ä¶"
Tue Nov 06 06:42:52 +0000 2018,AllEyesOnBrii,"RT @BenJealous: Proud to be endorsed by:
Barack Obama
Barbara Mikulski 
Ben Cardin
Bernie Sanders
Chris Van Hollen
Cory Booker
Elizabeth Wa‚Ä¶"
Tue Nov 06 06:38:57 +0000 2018,GunGranni,No MORE GILLIBRAND!  ‚ÄòFire Gillibrand‚Äô? A Trump-Backed G.O.P. Senate Candidate Makes the Case https://t.co/rsCbRbcvQz
Tue Nov 06 06:33:15 +0000 2018,_RB_3,"RT @BenJealous: Proud to be endorsed by:
Barack Obama
Barbara Mikulski 
Ben Cardin
Bernie Sanders
Chris Van Hollen
Cory Booker
Elizabeth Wa‚Ä¶"
Tue Nov 06 06:29:57 +0000 2018,NurturingHeart2,"RT @BenJealous: Proud to be endorsed by:
Barack Obama
Barbara Mikulski 
Ben Cardin
Bernie Sanders
Chris Van Hollen
Cory Booker
Elizabeth Wa‚Ä¶"
Tue Nov 06 06:28:36 +0000 2018,CESAR2K,"RT @BenJealous: Proud to be endorsed by:
Barack Obama
Barbara Mikulski 
Ben Cardin
Bernie Sanders
Chris Van Hollen
Cory Booker
Elizabeth Wa‚Ä¶"
Tue Nov 06 06:23:52 +0000 2018,cinbee,"RT @BenJealous: Proud to be endorsed by:
Barack Obama
Barbara Mikulski 
Ben Cardin
Bernie Sanders
Chris Van Hollen
Cory Booker
Elizabeth Wa‚Ä¶"
Tue Nov 06 06:19:35 +0000 2018,ULoveTashi,"New Yorkers tomorrow vote for Andrew Cuomo &amp; Kathy C Hochul.  Thomas dinapoli for comptroller, Letitia James for at‚Ä¶ https://t.co/o7rK3t0Pqz"
Tue Nov 06 06:18:44 +0000 2018,1isalone,"RT @hmendoza300000: Unfortuately, I live in NYC. The only way I can support you this year is voting against Cuomo and Gillibrand and there‚Ä¶"
Tue Nov 06 06:18:21 +0000 2018,laurier2009,RT @RU4Trump2: Hoping and praying that Cuomo and Gillibrand Lose BIGLY!! I have a dream! #MAGA #Qanon https://t.co/g6fzCz9AAZ
Tue Nov 06 06:17:14 +0000 2018,gtfolsom,"RT @BenJealous: Proud to be endorsed by:
Barack Obama
Barbara Mikulski 
Ben Cardin
Bernie Sanders
Chris Van Hollen
Cory Booker
Elizabeth Wa‚Ä¶"
Tue Nov 06 06:16:07 +0000 2018,jlsHouston,"RT @MelissaAmour72: We‚Äôre always hearing about Elizabeth Warren, Kirsten Gillibrand, Kamala Harris. Nothing against any of them, but @amykl‚Ä¶"
Tue Nov 06 06:14:50 +0000 2018,dunnclan,"RT @BenJealous: Proud to be endorsed by:
Barack Obama
Barbara Mikulski 
Ben Cardin
Bernie Sanders
Chris Van Hollen
Cory Booker
Elizabeth Wa‚Ä¶"
Tue Nov 06 06:13:59 +0000 2018,DorMouseSez,"RT @MelissaAmour72: We‚Äôre always hearing about Elizabeth Warren, Kirsten Gillibrand, Kamala Harris. Nothing against any of them, but @amykl‚Ä¶"
Tue Nov 06 06:11:18 +0000 2018,EmmeWinch,"RT @BenJealous: Proud to be endorsed by:
Barack Obama
Barbara Mikulski 
Ben Cardin
Bernie Sanders
Chris Van Hollen
Cory Booker
Elizabeth Wa‚Ä¶"
Tue Nov 06 06:05:56 +0000 2018,ElliottGordon12,"RT @i24NEWS_EN: Kirsten Gillibrand has turned her back on #Israel by associating with Linda Sarsour, @CheleFarley tells @MichelleMakori: ht‚Ä¶"
Tue Nov 06 06:05:52 +0000 2018,Mother_Oya,"RT @MelissaAmour72: We‚Äôre always hearing about Elizabeth Warren, Kirsten Gillibrand, Kamala Harris. Nothing against any of them, but @amykl‚Ä¶"
Tue Nov 06 06:05:24 +0000 2018,azultequila1968,"RT @ScarletAvengers: TimesUp~Streisand
We will not be silenced on this issue~Gillibrand
I‚Äôm done being bullied~Stormy
Reclaiming my time~Ma‚Ä¶"
Tue Nov 06 06:03:09 +0000 2018,PallahAbdul,When Miss Gillibrand gets re elected tomorrow I really hope she pulls through on her promise to legalize marijuana in NYS
Tue Nov 06 06:03:06 +0000 2018,christafalo,@SenGillibrand Your getting sleeeepier and sleeepier with Mattress Girl.... https://t.co/9d963jsTpq
Tue Nov 06 06:02:42 +0000 2018,PatriotAnon2,RT @RU4Trump2: Hoping and praying that Cuomo and Gillibrand Lose BIGLY!! I have a dream! #MAGA #Qanon https://t.co/g6fzCz9AAZ
Tue Nov 06 06:02:34 +0000 2018,photogriot,"RT @BenJealous: Proud to be endorsed by:
Barack Obama
Barbara Mikulski 
Ben Cardin
Bernie Sanders
Chris Van Hollen
Cory Booker
Elizabeth Wa‚Ä¶"
Tue Nov 06 06:01:44 +0000 2018,ImTheoMarshall,"RT @BenJealous: Proud to be endorsed by:
Barack Obama
Barbara Mikulski 
Ben Cardin
Bernie Sanders
Chris Van Hollen
Cory Booker
Elizabeth Wa‚Ä¶"
Tue Nov 06 06:01:16 +0000 2018,sylvia_laurie,@Clh1992Hahn @almostjingo No shame. I have Gillibrand and Schumer. üôèüèºüôèüèºüôèüèº and #VoteRed
Tue Nov 06 06:00:21 +0000 2018,markstephen521,"RT @BenJealous: Proud to be endorsed by:
Barack Obama
Barbara Mikulski 
Ben Cardin
Bernie Sanders
Chris Van Hollen
Cory Booker
Elizabeth Wa‚Ä¶"
Tue Nov 06 05:59:03 +0000 2018,Liberalsbest,"RT @BenJealous: Proud to be endorsed by:
Barack Obama
Barbara Mikulski 
Ben Cardin
Bernie Sanders
Chris Van Hollen
Cory Booker
Elizabeth Wa‚Ä¶"
Tue Nov 06 05:58:26 +0000 2018,broadwatertmb,"RT @BenJealous: Proud to be endorsed by:
Barack Obama
Barbara Mikulski 
Ben Cardin
Bernie Sanders
Chris Van Hollen
Cory Booker
Elizabeth Wa‚Ä¶"
Tue Nov 06 05:57:37 +0000 2018,IveGotMojo1,"RT @BenJealous: Proud to be endorsed by:
Barack Obama
Barbara Mikulski 
Ben Cardin
Bernie Sanders
Chris Van Hollen
Cory Booker
Elizabeth Wa‚Ä¶"
Tue Nov 06 05:57:04 +0000 2018,geraldineknap17,@SenGillibrand So sorry Gillibrand! It‚Äôs going to be a red tsunami tomorrow! Mainstream America realizes how radica‚Ä¶ https://t.co/pzeuT6yPcc
Tue Nov 06 05:56:58 +0000 2018,NTRL_WMN,"RT @BenJealous: Proud to be endorsed by:
Barack Obama
Barbara Mikulski 
Ben Cardin
Bernie Sanders
Chris Van Hollen
Cory Booker
Elizabeth Wa‚Ä¶"
Tue Nov 06 05:56:56 +0000 2018,cwgrody,"RT @BenJealous: Proud to be endorsed by:
Barack Obama
Barbara Mikulski 
Ben Cardin
Bernie Sanders
Chris Van Hollen
Cory Booker
Elizabeth Wa‚Ä¶"
Tue Nov 06 05:55:40 +0000 2018,bythehue,"@joshtpm 2020
Beto basta
Beto Klobichar
Klobichar basta 
Franken Gillibrand"
Tue Nov 06 05:54:08 +0000 2018,NatIrvinII,"RT @BenJealous: Proud to be endorsed by:
Barack Obama
Barbara Mikulski 
Ben Cardin
Bernie Sanders
Chris Van Hollen
Cory Booker
Elizabeth Wa‚Ä¶"
Tue Nov 06 05:53:55 +0000 2018,anzed,"RT @BenJealous: Proud to be endorsed by:
Barack Obama
Barbara Mikulski 
Ben Cardin
Bernie Sanders
Chris Van Hollen
Cory Booker
Elizabeth Wa‚Ä¶"
Tue Nov 06 05:52:45 +0000 2018,BenJealous,"RT @BenJealous: Proud to be endorsed by:
Barack Obama
Barbara Mikulski 
Ben Cardin
Bernie Sanders
Chris Van Hollen
Cory Booker
Elizabeth Wa‚Ä¶"
Tue Nov 06 05:50:26 +0000 2018,worldgoneweirde,RT @kokoeverett: @kungflu @StormIsUponUs @ChuckGrassley Frankenstein coven w Gillibrand &amp;BloodPriestess Killery vampirism elite club Hildab‚Ä¶
Tue Nov 06 05:46:50 +0000 2018,Mystralfire,I liked a @YouTube video https://t.co/CWJ6A7DY7z Chele Farley looks to unseat Sen. Gillibrand
Tue Nov 06 05:46:37 +0000 2018,kidafrica_,"RT @BenJealous: Proud to be endorsed by:
Barack Obama
Barbara Mikulski 
Ben Cardin
Bernie Sanders
Chris Van Hollen
Cory Booker
Elizabeth Wa‚Ä¶"
Tue Nov 06 05:45:27 +0000 2018,bossmarius,"RT @BenJealous: Proud to be endorsed by:
Barack Obama
Barbara Mikulski 
Ben Cardin
Bernie Sanders
Chris Van Hollen
Cory Booker
Elizabeth Wa‚Ä¶"
Tue Nov 06 05:44:41 +0000 2018,MelissaAmour72,"We‚Äôre always hearing about Elizabeth Warren, Kirsten Gillibrand, Kamala Harris. Nothing against any of them, but‚Ä¶ https://t.co/0aknKiznjg"
Tue Nov 06 05:44:37 +0000 2018,Nicholas_ebook,I'm still flabbergasted at how well Kirsten Gillibrand is way too far.
Tue Nov 06 05:39:03 +0000 2018,Ingkat2,"Sen Kirsten gillibrand, the self proclaimed #METOO senator, her father, Doug rutnik, have strong ties to a sex cult‚Ä¶ https://t.co/kUuNKQY5tU"
Tue Nov 06 05:30:12 +0000 2018,dagostino_diane,"@JaniceMontana @SaraCarterDC Thank you. Save Arizona. I live in n.y. and Cuomo, Gillibrand and deblasio are ruining‚Ä¶ https://t.co/YMjTobf4T0"
Tue Nov 06 05:20:01 +0000 2018,NaderHasan63,"RT @i24NEWS_EN: Kirsten Gillibrand has turned her back on #Israel by associating with Linda Sarsour, @CheleFarley tells @MichelleMakori: ht‚Ä¶"
Tue Nov 06 05:17:26 +0000 2018,libbyliberalnyc,@JSCCounterPunch Booker cheerled by Schumer and Gillibrand!
Tue Nov 06 05:15:19 +0000 2018,RU4Trump2,Hoping and praying that Cuomo and Gillibrand Lose BIGLY!! I have a dream! #MAGA #Qanon https://t.co/g6fzCz9AAZ
Tue Nov 06 05:15:04 +0000 2018,Libertywins1776,@BSasebo @CheleFarley üòÇüòÇ #Farley4NY ! Kirsten Gillibrand needs to go!
Tue Nov 06 05:06:09 +0000 2018,Babacgms,"RT @BenJealous: Proud to be endorsed by:
Barack Obama
Barbara Mikulski 
Ben Cardin
Bernie Sanders
Chris Van Hollen
Cory Booker
Elizabeth Wa‚Ä¶"
Tue Nov 06 04:59:28 +0000 2018,mtbackpackrk,"RT @mtbackpackrk: Yeah, that's why I am going with üá∫üá∏üá∫üá∏üá∫üá∏@CheleFarleyüá∫üá∏üíØüá∫üá∏

https://t.co/wFqsCbO9MT"
Tue Nov 06 04:54:27 +0000 2018,Libertywins1776,RT @CheleFarley: Two organizers of #WomensMarch2019 &amp; political allies of @SenGillibrand are anti-#Israel. Linda Sarsour has never apologiz‚Ä¶
